plant_id_eia,boiler_id,prime_mover_code
61364,23523,
60903,0002,
60903,0001,
60786,HRSG1,
60768,CTG4,CT
60768,CTG3,CT
60768,2 B,CA
60768,2 A,CA
60693,006,
60693,005,
60693,004,
60693,003,
60693,002,
60693,001,
60550,B001,
60376,HRSG2,
60376,HRSG1,
60368,HRSG3,
60368,HRSG2,
60368,HRSG1,
60340,1,ST
60206,RR,
60205,TCHRSG,
60202,HRSG1,
60122,STG9,CA
60122,HRSG8,
60122,HRSG7,
60122,CT8,CT
60122,CT7,CT
60100,B-1,ST
60084,7040,ST
60084,7020A,ST
60084,1006,ST
60084,1005,ST
59925,HRSG1,
59812,HRSG5,CA
59812,HRSG4,CA
59812,CGT5,CT
59812,CGT4,CT
59784,CTG6,CT
59784,CTG5,CT
59784,3 B,CA
59784,3 A,CA
59773,HRSG-2,CA
59773,HRSG-1,CA
59773,CGT2,CT
59773,CGT1,CT
59764,HRSG12,CA
59764,HRSG11,CA
59764,CTG12,CT
59764,CTG11,CT
59658,BLR1,ST
59338,CTG2,CT
59338,CTG1,CT
59338,1 B,CA
59338,1 A,CA
59326,HRSG,
59325,HRSG,
59254,HRSG1,CA
59254,GENT4,CT
59254,GENT3,CT
59254,GENT2,CT
59254,GENT1,CT
59233,CT2,CS
59220,HRSG2,CA
59220,HRSG1,CA
59220,CT2,CT
59220,CT1,CT
59093,11,CT
59093,10,CT
59073,5L501B,
59073,5L501A,
59073,5B921B,
59073,5B921A,
59035,MKA1,ST
59012,HRSG,
59004,HRSG12,CA
59004,HRSG11,CA
59004,GEN2,CT
59004,GEN1,CT
58944,2771,ST
58707,B001,ST
58706,B001,ST
58697,CT2,CT
58697,CT1,CT
58697,01B,CA
58697,01A,CA
58613,2000,ST
58595,B1,ST
58574,01,ST
58560,BLR1,ST
58557,GT2,CT
58557,GT1,CT
58557,2,CA
58557,1,CA
58503,HRSG01,CA
58503,GEN1,CT
58478,CT,CT
58472,1,ST
58427,HRSG2,CA
58427,HRSG1,CA
58427,CTG2,CT
58427,CTG1,CT
58426,HRSG2,CS
58426,HRSG1,CS
58420,HRSG2,CS
58420,HRSG1,CS
58409,HRSG,
58352,B-11,ST
58310,B-1,
58260,HRSG1C,CA
58260,HRSG1B,CA
58260,HRSG1A,CA
58260,CT03,CT
58260,CT02,CT
58260,CT01,CT
58236,HRSG2,CA
58236,HRSG1,CA
58236,CTG2,CT
58236,CTG1,CT
58215,ST1,CA
58215,1C,CT
58215,1B,CT
58215,1A,CT
58207,HRSG8,CA
58207,HRSG7,CA
58207,G8,CT
58207,G7,CT
58205,1,ST
58200,BLR4,ST
58200,BLR3,ST
58200,BLR2,ST
58199,G1,CS
58198,HRSG1,CA
58198,GTG2,CT
58198,GTG1,CT
58194,WC8,ST
58194,WC6,ST
58194,WC2,ST
58194,WC1,ST
58161,GTG-8,CT
58161,GTG-7,CT
58159,HRSG3,CA
58159,HRSG2,CA
58159,HRSG1,CA
58159,CGT3,CT
58159,CGT2,CT
58159,CGT1,CT
58157,9,ST
58157,7,ST
58157,6,ST
58157,5,ST
58157,10,ST
58151,GTG01,CT
58151,B012,CA
58151,B001,CA
58124,1,ST
58109,REC2,ST
58109,REC1,ST
58109,PB5,ST
58109,PB3,ST
58108,3 RB,ST
58108,2 HFB,ST
58084,HRSG1,CA
58084,GT100,CT
58083,HRSG,CA
58083,GTG1,CT
58079,HRSG-2,CA
58079,HRSG-1,CA
58079,GT-2,CT
58079,GT-1,CT
58066,B4,ST
58066,B2,ST
58066,B1,ST
58054,ST01,ST
58023,1,ST
58007,HRSG4,CA
58007,HRSG3,CA
58007,HRSG2,CA
58007,HRSG1,CA
58007,G4,CT
58007,G3,CT
58007,G2,CT
58007,G1,CT
58005,HRSG2,CA
58005,HRSG1,CA
58005,CTG-2,CT
58005,CTG-1,CT
58001,HRSG4,CA
58001,HRSG3,CA
58001,HRSG2,CA
58001,HRSG1,CA
58001,CTG-4,CT
58001,CTG-3,CT
58001,CTG-2,CT
58001,CTG-1,CT
57978,ST1HRG,CA
57978,CT1,CT
57966,SG-203,ST
57966,SG-201,ST
57953,HRSG,CA
57953,GT,CT
57953,COGEN,ST
57919,9,ST
57919,6,
57919,4,
57919,3,
57919,2,
57919,11,ST
57919,10,ST
57915,8BLR,ST
57915,7BLR,ST
57915,6BLR,ST
57915,4BLR,ST
57915,3BLR,ST
57915,2BLR,ST
57915,1BLR,ST
57914,UI4,ST
57914,UI3,ST
57914,CE2,ST
57914,CE1,ST
57909,BLR1,ST
57908,HRSG2,CA
57908,HRSG1,CA
57908,CTG2,CT
57908,CTG1,CT
57901,7,CT
57901,5,CT
57901,20,CA
57901,10,CA
57898,BLR5,ST
57898,BLR4,ST
57898,BLR3,ST
57894,2,
57894,1,
57842,1HRSG,CA
57842,1,
57839,HRSG1B,CA
57839,HRSG1A,CA
57839,CT002,CT
57839,CT001,CT
57822,HRSG5,ST
57822,HRSG4,ST
57822,HRSG3,ST
57822,HRSG2,ST
57822,HRSG1,ST
57794,HRSG4,CA
57794,HRSG3,CA
57794,HRSG2,
57794,HRSG1,
57794,CT2,CT
57794,CT1,CT
57759,5PB,ST
57759,4RF,ST
57759,3PB,ST
57703,HRSG,CA
57703,01B,CT
57703,01A,CT
57684,1,ST
57666,CT2,CT
57666,CT1,CT
57664,HRSG4,CA
57664,HRSG3,CA
57664,CT4,CT
57664,CT3,CT
57653,CTG,CT
57584,ST1,CT
57584,SHRSG,CA
57584,NT2,CT
57584,NHRSG,CA
57564,HRSG1,CA
57564,EIHRSG,
57564,CTG,CT
57552,HRSG2,
57552,HRSG1,
57470,UA-P2,ST
57470,RF-P1,ST
57467,WE,ST
57467,TE,ST
57457,1,ST
57398,BOILER,
57394,SOLAR,
57349,HRSG1,CA
57349,CTG1,CT
57331,MSP2,
57331,MSP1,
57275,TSE-B2,
57275,TSE-B1,
57241,BLR1,ST
57209,3B,
57209,3A,
57185,U3HRSG,
57185,U2HRSG,
57185,U1HRSG,
57154,B1,
57138,HRSG2,ST
57138,HRSG1,ST
57122,CTG1,CT
57119,1111,ST
57103,2,ST
57099,7PB,ST
57099,4RB,ST
57075,BLR1,ST
57074,BLR1,ST
57073,BLR1,ST
57072,PB-1,ST
57046,CFB2,ST
57046,CFB1,ST
57037,B,CA
57037,A,CA
57037,1B,CT
57037,1A,CT
57036,OTSG3,CA
57036,OTSG2,CA
57036,OTSG1,CA
57036,HRSG1,CA
57036,3,CT
57036,2,CT
57036,1,CT
57028,GTG,CT
57028,1,CA
56998,7,CT
56998,6,CT
56998,52,CA
56998,51,CA
56998,5,CT
56998,42,CA
56998,41,CA
56998,4,CT
56963,H102,
56963,H101,
56940,HRSG2,
56940,HRSG1,
56848,HRSG9,ST
56848,HRSG8,ST
56848,HRSG7,ST
56848,HRSG6,ST
56848,HRSG10,ST
56847,Boil,ST
56846,HRSG2,CA
56846,HRSG1,CA
56846,GTG2,CT
56846,GTG1,CT
56812,1,
56808,2,ST
56808,1,ST
56807,1B,
56807,1A,
56806,CBYB42,CA
56806,CBYB41,CA
56806,42,CT
56806,41,CT
56799,HRSG2,
56799,HRSG1,
56798,U2,CT
56798,U1,CT
56798,HRSG2,CA
56798,HRSG1,CA
56786,1,ST
56781,3,ST
56708,H1201,ST
56708,H1101,ST
56707,SD200,ST
56706,SD200,ST
56675,MAIN,
56671,UHA01,ST
56643,7,ST
56616,4PB,ST
56611,S01,ST
56610,U1HRSG,CA
56610,02,CT
56609,1,ST
56596,1,ST
56565,HRSG2,CA
56565,HRSG1,CA
56565,6B,CT
56565,6A,CT
56564,1,ST
56532,HRSGB,CA
56532,HRSGA,CA
56532,B,CT
56532,A,CT
56476,HRSGB,CA
56476,HRSGA,CA
56476,B,CT
56476,A,CT
56469,FW-1,ST
56467,HRSG2,CA
56467,HRSG1,CA
56467,CTG2,CT
56467,CTG1,CT
56458,HRSG2,CA
56458,HRSG1,CA
56458,GT2,CT
56458,GT1,CT
56456,BLR1,ST
56407,PWC33,CA
56407,PWC32,CA
56407,PWC31,CA
56407,PWC23,CA
56407,PWC22,CA
56407,PWC21,CA
56407,PWC13,CA
56407,PWC12,CA
56407,PWC11,CA
56407,3C,CT
56407,3B,CT
56407,3A,CT
56407,2C,CT
56407,2B,CT
56407,2A,CT
56407,1C,CT
56407,1B,CT
56407,1A,CT
56406,BLR1,ST
56405,HI,ST
56400,HRSG1,CA
56400,CT1,CT
56356,CT1,CT
56350,HRSG4,CA
56350,HRSG3,CA
56350,HRSG2,CA
56350,HRSG1,CA
56350,CT2B,CT
56350,CT2A,CT
56350,CT1B,CT
56350,CT1A,CT
56349,HRSG4,CA
56349,HRSG3,CA
56349,HRSG2,CA
56349,HRSG1,CA
56349,CT2B,CT
56349,CT2A,CT
56349,CT1B,CT
56349,CT1A,CT
56349,2,CA
56349,1,CA
56319,1,ST
56309,HRSG2,
56309,HRSG1,
56309,CT-2,CS
56309,CT-1,CS
56298,HRSG2,CA
56298,HRSG1,CA
56298,0002,CT
56298,0001,CT
56259,HRSG12,CA
56259,HRSG11,CA
56259,CT12,CT
56259,CT11,CT
56237,HRSG22,CA
56237,HRSG21,CA
56237,HRSG02,CA
56237,HRSG01,CA
56237,CT22,CT
56237,CT21,CT
56237,CT02,CT
56237,CT01,CT
56234,HRSG01,CA
56234,CT01,CT
56233,HRSG B,CA
56233,HRSG A,CA
56233,CTG1,CT
56233,CT02,CT
56229,CT1,CS
56227,HRSG01,CA
56227,1,CT
56224,BLR100,ST
56196,CT02,CT
56196,CT01,CT
56196,7B,CA
56196,7A,CA
56192,RB,ST
56192,PB,ST
56192,FBB,ST
56188,CTG,CT
56188,001,CA
56177,GT1,CT
56177,26130,CA
56164,HRSG1,CA
56164,EU01,CT
56163,4,ST
56163,3,ST
56163,2,ST
56163,1,ST
56152,HRSG9,CA
56152,CTG1,CT
56150,C11B,CT
56150,C11A,CT
56150,C10B,CT
56150,C10A,CT
56150,11B,CA
56150,11A,CA
56150,10B,CA
56150,10A,CA
56119,HRSG2,CA
56119,HRSG1,CA
56119,200,CT
56119,100,CT
56107,HRSG2,
56107,HRSG,
56104,HRSG2,CA
56104,HRSG1,
56104,CTG2,CT
56102,HRSG1B,CA
56102,HRSG1A,CA
56102,CT1B,CT
56102,CT1A,CT
56079,South,ST
56079,North,ST
56078,301,CA
56078,2,CT
56078,1,CT
56068,19,ST
56068,18,ST
56047,HRSG2,
56047,HRSG1,
56046,HRSG2,CA
56046,1,CT
56041,M2,
56041,M1,
56031,HRSG2,CA
56031,HRSG1,CA
56031,CTG2,CT
56031,CTG1,CT
56026,HRSG2,CA
56026,HRSG1,CA
56026,CTG2,CT
56026,CTG1,CT
55990,HRSG5,CA
55990,HRSG4,CA
55990,HRSG3,CA
55990,HRSG2,CA
55990,HRSG1,CA
55990,5,CT
55990,4,CT
55990,3,CT
55990,2,CT
55990,1,CT
55985,HRSG2,CA
55985,HRSG1,CA
55985,CTG2,CT
55985,CTG1,CT
55977,CTG1,CT
55977,1,CA
55976,301,
55976,201,
55976,101,
55970,HRSGC,
55970,HRSGB,CA
55970,HRSGA,CA
55970,3,CT
55970,2,CT
55966,HRSG,CA
55966,GT1,CT
55965,CT7B,CT
55965,CT7A,CT
55965,CT6B,CT
55965,CT6A,CT
55965,7B,CA
55965,7A,CA
55965,6B,CA
55965,6A,CA
55939,CT03,
55939,CT02,
55939,CT01,
55933,TPP2,CT
55933,TPP1,CT
55933,4H0401,CA
55933,3H0301,CA
55927,HRSG3,CA
55927,HRSG2,CA
55927,HRSG1,CA
55927,CT3,CT
55927,CT2,CT
55927,CT1,CT
55882,BLR1,ST
55867,B1,ST
55856,PC2,ST
55856,PC1,ST
55853,2,CS
55853,1,CS
55841,CT2,CT
55841,CT1,CT
55841,A03,CA
55841,A01,CA
55835,HRSG 2,CA
55835,HRSG 1,CA
55835,CTG2,CT
55835,CTG1,CT
55830,EB3,
55830,EB2,
55830,EB1,
55821,B,CT
55821,A,CT
55821,26,CA
55821,25,CA
55818,HRSG-1,CA
55818,FICT,CT
55801,HRSG3,CA
55801,HRSG2,CA
55801,HRSG1,CA
55801,CTIB,CT
55801,CT1A,CT
55801,CT13,CT
55749,PC1,ST
55748,HRSG4,CA
55748,HRSG3,CA
55748,HRSG2,CA
55748,HRSG1,CA
55748,CTG4,CT
55748,CTG3,CT
55748,CTG2,CT
55748,CTG1,CT
55736,2HR2,CA
55736,2HR1,CA
55736,2GT2,CT
55736,2GT1,CT
55736,1HR2,CA
55736,1HR1,CA
55736,1GT2,CT
55736,1GT1,CT
55714,HRSG2,CA
55714,HRSG1,CA
55714,GT2,CT
55714,GT1,CT
55710,UNT4,CT
55710,UNT3,CT
55710,STB,CA
55708,BLR1,ST
55706,HRG301,CA
55706,HRG201,CA
55706,HRG101,CA
55706,CTG3,CT
55706,CTG2,CT
55706,CTG1,CT
55701,P002,CA
55701,P001,CA
55701,CT02,CT
55701,CT01,CT
55700,HRSG1,CA
55700,CTG1,CT
55694,HSG2,CA
55694,HSG1,CA
55694,CT2,CT
55694,CT1,CT
55690,HRSG7,CA
55690,HRSG6,CA
55690,HRSG5,CA
55690,HRSG3,CA
55690,HRSG2,CA
55690,HRSG1,CA
55690,CTG7,CT
55690,CTG6,CT
55690,CTG5,CT
55690,CTG3,CT
55690,CTG2,CT
55690,CTG1,CT
55687,HRSG2,CA
55687,HRSG1,CA
55687,A02,CT
55687,A01,CT
55667,HRSG 2,CA
55667,HRSG 1,CA
55667,G2,CT
55667,G1,CT
55664,HCCP 2,CA
55664,HCCP 1,CA
55664,GT-2,CT
55664,GT-1,CT
55662,ST1,CA
55662,CT2,CT
55662,CT1,CT
55661,HRSG2,CA
55661,HRSG1,CA
55661,GT-2,CT
55661,GT-1,CT
55656,HRSG04,CA
55656,HRSG02,CA
55656,HRSG01,CA
55656,CT04,CT
55656,CT02,CT
55656,CT01,CT
55641,HRSG2,CA
55641,HRSG1,CA
55641,CTG2,CT
55641,CTG1,CT
55620,CT-2,CT
55620,CT-1,CT
55620,1-2,CA
55620,1-1,CA
55598,2,CT
55598,1,CT
55596,HRSG 3,CA
55596,HRSG 2,CA
55596,HRSG 1,CA
55596,0005,CT
55596,0003,CT
55596,0002,CT
55596,0001,CT
55592,HRSG 3,
55592,HRSG 2,CA
55592,HRSG 1,CA
55592,2,CT
55592,1,CT
55558,GEN1,CT
55545,HRSG2,CA
55545,HRSG1,CA
55545,CTG2,CT
55545,CTG1,CT
55524,HRSG3,CA
55524,HRSG2,CA
55524,HRSG1,CA
55524,CTG3,CT
55524,CTG2,CT
55524,CTG1,CT
55518,CTG3,CT
55518,CTG2,CT
55518,CTG1,CT
55518,3,CA
55518,2,CA
55518,1,CA
55516,DB2,CA
55516,DB1,CA
55516,CTG2,CT
55516,CTG1,CT
55514,CTG2,CT
55514,CTG1,CT
55514,CTG02,CA
55514,CTG01,CA
55503,HRSG3,CA
55503,HRSG2,CA
55503,HRSG1,CA
55503,CTG3,CT
55503,CTG2,CT
55503,CTG1,CT
55502,2B,CA
55502,2A,CA
55502,2200,CT
55502,2100,CT
55502,1B,CA
55502,1A,CA
55502,1200,CT
55502,1100,CT
55501,HRSG4,CA
55501,HRSG3,CA
55501,HRSG2,CA
55501,HRSG1,CA
55501,CTG4,CT
55501,CTG3,CT
55501,CTG2,CT
55501,CTG1,CT
55486,HRSG2,
55486,HRSG1,
55482,HRSG1,CA
55482,G1,CT
55481,GT4,CT
55481,GT3,CT
55481,6,CA
55481,5,CA
55480,U6,CT
55480,U5,CT
55480,U4,CT
55480,U3,CT
55480,U2,CT
55480,U1,CT
55480,HRSG 6,CA
55480,HRSG 5,CA
55480,HRSG 4,CA
55480,HRSG 3,CA
55480,HRSG 2,CA
55480,HRSG 1,CA
55479,3,ST
55470,TR3,CT
55470,TR2,CT
55470,TR1,CT
55470,HRSG3,CA
55470,HRSG2,CA
55470,HRSG1,CA
55467,CTG3,CT
55467,CTG2,CT
55467,CTG1,CT
55467,3,CA
55467,2,CA
55467,1,CA
55464,HRSG6,CA
55464,HRSG4,CA
55464,HRSG3,CA
55464,HRSG2,CA
55464,HRSG1,CA
55464,CTG6,CT
55464,CTG4,CT
55464,CTG3,CT
55464,CTG2,CT
55464,CTG1,CT
55463,FB4,CA
55463,FB3,CA
55463,FB2,CA
55463,FB1,CA
55463,CT04,CT
55463,CT03,CT
55463,CT02,CT
55463,CT01,CT
55457,CT2,CT
55457,CT1,CT
55457,1,CA
55455,HRSG2B,CA
55455,HRSG2A,CA
55455,HRSG1B,CA
55455,HRSG1A,CA
55455,CT2B,CT
55455,CT2A,CT
55455,CT1B,CT
55455,CT1A,CT
55451,FB3,CA
55451,FB2,CA
55451,FB1,CA
55451,CTG3,CT
55451,CTG2,CT
55451,CTG1,CT
55440,HRSG3,CA
55440,HRSG2,CA
55440,HRSG1,CA
55440,CTG3,CT
55440,CTG2,CT
55440,CTG1,CT
55439,HRSG3,CA
55439,HRSG2,CA
55439,HRSG1,CA
55439,CTG3,CT
55439,CTG2,CT
55439,CTG1,CT
55429,BFB,ST
55429,4REC,ST
55429,3REC,ST
55419,HRU800,CA
55419,HRU700,CA
55419,HRU600,CA
55419,HRU500,CA
55419,G800,CT
55419,G700,CT
55419,G600,CT
55419,G500,CT
55418,CT2,CT
55418,CT1,CT
55418,1H2100,CA
55418,1H1100,CA
55412,OEC2,CT
55412,OEC1,CT
55412,HRSG2,CA
55412,HRSG1,CA
55411,HRSG2,CA
55411,HRSG1,CA
55411,HEC2,CT
55411,HEC1,CT
55406,UNT2,CT
55406,UNT1,CT
55406,HRSG2,CA
55406,HRSG1,CA
55406,AUX,CA
55405,HRSG03,CA
55405,HRSG02,CA
55405,HRSG01,CA
55405,CT3,CT
55405,CT2,CT
55405,CT1,CT
55404,HRSG2,CA
55404,HRSG1,CA
55404,CTG2,CT
55404,CTG1,CT
55400,HRSG2,CA
55400,HRSG1,CA
55400,CTG2,CT
55400,CTG1,CT
55397,DB2,CA
55397,DB1,CA
55397,CT2,CT
55397,CT1,CT
55393,HSRG 2,CA
55393,HRSG 1,CA
55393,CTG2,CT
55393,CTG1,CT
55386,DB2,CA
55386,DB1,CA
55386,CT2,CT
55386,CT1,CT
55382,2H2100,CA
55382,2H1100,CA
55382,2GT2,CT
55382,2GT1,CT
55382,1H2100,CA
55382,1H1100,CA
55382,1GT2,CT
55382,1GT1,CT
55380,CTG8,CT
55380,CTG7,CT
55380,CTG6,CT
55380,CTG5,CT
55380,CTG4,CT
55380,CTG3,CT
55380,CTG2,CT
55380,CTG1,CT
55380,4 B,CA
55380,4 A,CA
55380,3 B,CA
55380,3 A,CA
55380,2 B,CA
55380,2 A,CA
55380,1 B,CA
55380,1 A,CA
55375,HRSG2,CA
55375,HRSG1,CA
55375,CT2,CT
55375,CT1,CT
55372,HRSG3,CA
55372,HRSG2,CA
55372,HRSG1,CA
55372,CTG3,CT
55372,CTG2,CT
55372,CTG1,CT
55369,HRSG2,CA
55369,HRSG1,CA
55369,CT2,CT
55369,CT1,CT
55364,CT02,CT
55364,CT01,CT
55364,1B,CA
55364,1A,CA
55360,1,
55358,FB4,CA
55358,FB3,CA
55358,FB2,CA
55358,FB1,CA
55358,CT4,CT
55358,CT3,CT
55358,CT2,CT
55358,CT1,CT
55357,HRSG2,CA
55357,HRSG1,CA
55357,CTG2,CT
55357,CTG1,CT
55350,2,
55350,1,
55345,HRSG 2,CA
55345,HRSG 1,CA
55345,1-02,CT
55345,1-01,CT
55343,CTG2,CT
55343,CTG1,CT
55343,2,CA
55343,1,CA
55340,HRSG2,CA
55340,HRSG1,CA
55340,CTG2,CT
55340,CTG1,CT
55337,HRSG12,CA
55337,HRSG11,CA
55337,CT2,CT
55337,CT1,CT
55334,HRSG 2,CA
55334,HRSG 1,CA
55334,CTG2,CT
55334,CTG1,CT
55333,HRSG3,CA
55333,HRSG2,CA
55333,HRSG1,CA
55333,CTG3,CT
55333,CTG2,CT
55333,CTG1,CT
55328,HRSG 2,CA
55328,HRSG 1,CA
55328,CTG2,CT
55328,CTG1,CT
55327,HRSG3,CA
55327,HRSG2,CA
55327,HRSG1,CA
55327,CTG3,CT
55327,CTG2,CT
55327,CTG1,CT
55322,HRSG4,CA
55322,HRSG3,CA
55322,HRSG2,CA
55322,HRSG1,CA
55322,CTG4,CT
55322,CTG3,CT
55322,CTG2,CT
55322,CTG1,CT
55320,HRSG2,CA
55320,HRSG1,CA
55320,GT2,CT
55320,GT1,CT
55318,3,
55318,2,
55318,1,
55317,GT12,CT
55317,GT11,CT
55317,12,CA
55317,11,CA
55313,CTG2,CT
55313,CTG1,CT
55313,20F201,CA
55313,20F101,CA
55311,HRSG,ST
55309,HRSG,ST
55306,CTG8,CT
55306,CTG7,CT
55306,4 B,CA
55306,4 A,CA
55299,HRSG3,CA
55299,HRSG2,CA
55299,HRSG1,CA
55299,CTG3,CT
55299,CTG2,CT
55299,CTG1,CT
55298,HRSG2B,CA
55298,HRSG2A,CA
55298,HRSG1B,CA
55298,HRSG1A,CA
55298,CT2B,CT
55298,CT2A,CT
55298,CT1B,CT
55298,CT1A,CT
55297,HRSG3,CA
55297,HRSG2,CA
55297,HRSG1,CA
55297,3,CT
55297,2,CT
55297,1,CT
55295,HRSG2,CA
55295,HRSG1,CA
55295,CT2,CT
55295,CT1,CT
55294,HRSG2,CA
55294,HRSG1,CA
55294,GTG2,CT
55294,GTG1,CT
55293,HRSG 3,CA
55293,HRSG 2,CA
55293,HRSG 1,CA
55293,CTG3,CT
55293,CTG2,CT
55293,CTG1,CT
55292,HRSG3,CA
55292,HRSG2,CA
55292,HRSG1,CA
55292,CTG3,CT
55292,CTG2,CT
55292,CTG1,CT
55283,HRSG2,CA
55283,HRSG1,CA
55283,2,CT
55283,1,CT
55282,HRSG2,CA
55282,HRSG1,CA
55282,CTG2,CT
55282,CTG1,CT
55271,HRSG3,CA
55271,HRSG2,CA
55271,HRSG1,CA
55271,GTG3,CT
55271,GTG2,CT
55271,GTG1,CT
55270,LM6,CT
55270,LM5,CT
55270,LM4,CT
55270,LM3,CT
55270,LM2,CT
55270,LM1,CT
55270,HRSG7,CA
55270,HRSG6,CA
55270,HRSG5,CA
55270,HRSG4,CA
55270,HRSG3,CA
55270,HRSG2,CA
55270,HRSG1,CA
55270,7EA,CT
55269,CTG3,CT
55269,CTG2,CT
55269,CTG1,CT
55269,3,CA
55269,2,CA
55269,1,CA
55259,CT2,CT
55259,CT1,CT
55259,2100,CA
55259,1100,CA
55245,SG3600,
55245,SG3500,
55245,4,ST
55245,3,ST
55245,1,ST
55242,HRSG2,CA
55242,CT01,CT
55241,HRSG1,CA
55241,CT01,CT
55239,HRSG3,CA
55239,HRSG2,CA
55239,HRSG1,CA
55239,0003,CT
55239,0002,CT
55239,0001,CT
55231,HRSG2,CA
55231,HRSG1,CA
55231,GTG2,CT
55231,GTG1,CT
55230,HRSG4,CA
55230,HRSG3,CA
55230,HRSG2,CA
55230,HRSG1,CA
55230,CT4,CT
55230,CT3,CT
55230,CT2,CT
55230,CT1,CT
55226,GT4,CT
55226,GT3,CT
55226,GT2,CT
55226,GT1,CT
55226,4,CA
55226,3,CA
55226,2,CA
55226,1,CA
55225,HRSG-4,CA
55225,HRSG-3,CA
55225,HRSG-2,CA
55225,HRSG-1,CA
55225,CTG4,CT
55225,CTG3,CT
55225,CTG2,CT
55225,CTG1,CT
55223,HRSG1,CA
55223,GT1,CT
55221,HRSG7,CA
55221,HRSG6,CA
55221,HRSG5,CA
55221,HRSG4,CA
55221,HRSG3,CA
55221,HRSG2,CA
55221,HRSG1,CA
55221,G7,CT
55221,G6,CT
55221,G5,CT
55221,G4,CT
55221,G3,CT
55221,G2,CT
55221,G1,CT
55220,HRSG2,CA
55220,HRSG1,CA
55220,A02,CT
55220,A01,CT
55218,H02,
55218,H01,
55217,HRSG2,CA
55217,HRSG1,CA
55217,CTG2,CT
55217,CTG1,CT
55216,UNT3,CT
55216,UNT2,CT
55216,UNT1,CT
55216,HRSG 3,CA
55216,HRSG 2,CA
55216,HRSG 1,CA
55215,HRSG4,CA
55215,HRSG3,CA
55215,HRSG2,CA
55215,HRSG1,CA
55215,CTG4,CT
55215,CTG3,CT
55215,CTG2,CT
55215,CTG1,CT
55212,U2,CS
55212,U1,CS
55211,U2,CS
55211,U1,CS
55210,1,CA
55210,0001,CT
55206,HRSG2,CA
55206,HRSG1,CA
55206,CT2,CT
55206,CT1,CT
55200,UN6,CT
55200,UN5,CT
55200,HSRG6,CA
55200,HRSG5,CA
55197,CTG3,CT
55197,CTG2,CT
55197,CTG1,CT
55197,3,CA
55197,2,CA
55197,1,CA
55193,HRSG2,CA
55193,HRSG1,CA
55193,CTG2,CT
55193,CTG1,CT
55188,PT21,CT
55188,PT11,CT
55188,HRSG21,CA
55188,HRSG11,CA
55187,HRSG4,CA
55187,HRSG3,CA
55187,HRSG2,CA
55187,HRSG1,CA
55187,GT4,CT
55187,GT3,CT
55187,GT2,CT
55187,GT1,CT
55183,HRSG2,CA
55183,HRSG1,CA
55183,CT2,CT
55183,CT1,CT
55182,X719,CT
55182,X718,CT
55182,HRSG2,CA
55182,HRSG1,CA
55179,CTG1,CT
55179,1,CA
55178,HRSG2,CA
55178,HRSG1,CA
55178,CT-2,CT
55178,CT-1,CT
55177,HRSG B,CA
55177,HRSG A,CA
55177,B,CT
55177,A,CT
55176,HRSG 2,CA
55176,HRSG 1,CA
55176,GEN2,CT
55176,GEN1,CT
55173,HRSG25,CA
55173,HRSG24,CA
55173,HRSG12,CA
55173,HRSG11,CA
55173,CT25,CT
55173,CT24,CT
55173,CT12,CT
55173,CT11,CT
55172,HRSG3,CA
55172,HRSG2,CA
55172,HRSG1,CA
55172,GT-3,CT
55172,GT-2,CT
55172,GT-1,CT
55170,STB2,CA
55170,STB1,CA
55170,CT12,CT
55170,CT11,CT
55168,HRSG1B,CA
55168,HRSG1A,CA
55168,0002,CT
55168,0001,CT
55154,CTB,CT
55154,CTA,CT
55154,2,CA
55154,1,CA
55153,HRSG4,CA
55153,HRSG3,CA
55153,HRSG2,CA
55153,HRSG1,CA
55153,CTG4,CT
55153,CTG3,CT
55153,CTG2,CT
55153,CTG1,CT
55151,HRSG4,
55151,HRSG3,
55151,HRSG2,
55151,HRSG1,
55151,GEN4,CS
55151,GEN3,CS
55151,GEN2,CS
55151,GEN1,CS
55149,U3,CS
55149,U2,CS
55149,U1,CS
55149,3HA,
55149,2HA,
55149,1HA,
55146,CTG3,CT
55146,CTG2,CT
55146,CTG1,CT
55146,3,CA
55146,2,CA
55146,1,CA
55144,U4,CS
55144,U3,CS
55144,U2,CS
55144,U1,CS
55144,HRSG4,
55144,HRSG3,
55144,HRSG2,
55144,HRSG1,
55139,HRSG2,CA
55139,HRSG1,CA
55139,CTG2,CT
55139,CTG1,CT
55137,CTG3,CT
55137,CTG2,CT
55137,CTG1,CT
55137,301,CA
55137,201,CA
55137,101,CA
55132,HRSG3,CA
55132,HRSG2,CA
55132,HRSG1,CA
55132,GTG3,CT
55132,GTG2,CT
55132,GTG1,CT
55131,CTG4,CT
55131,CTG3,CT
55131,CTG2,CT
55131,CTG1,CT
55131,B4,CA
55131,B3,CA
55131,B2,CA
55131,B1,CA
55129,HRSG2,CA
55129,HRSG1,CA
55129,CTG2,CT
55129,CTG1,CT
55126,HRSG2,
55126,HRSG1,
55126,CA02,CS
55126,CA01,CS
55124,CTG2,CT
55124,CTG1,CT
55124,259612,CA
55124,259611,CA
55123,HRSG2,CA
55123,HRSG1,CA
55123,CTG2,CT
55123,CTG1,CT
55117,RS-6,CT
55117,RS-5,CT
55117,R6,CA
55117,R5,CA
55112,HRSG2,CA
55112,HRSG1,CA
55112,CT02,CT
55112,CT01,CT
55107,HRSG02,CA
55107,HRSG01,CA
55107,CTG2,CT
55107,CTG1,CT
55104,HRSG2,CA
55104,HRSG1,CA
55104,CTG2,CT
55104,CTG1,CT
55103,HRSG2,CA
55103,HRSG1,CA
55103,CT2,CT
55103,CT1,CT
55100,UNT1,CT
55100,HRSG1,CA
55100,HRSG,CA
55097,HRSG4,CA
55097,HRSG3,CA
55097,HRSG2,CA
55097,HRSG1,CA
55097,CTG4,CT
55097,CTG3,CT
55097,CTG2,CT
55097,CTG1,CT
55096,HRSG1,ST
55091,STK6,CS
55091,STK5,CS
55091,STK4,CS
55091,STK3,CS
55091,STK2,CS
55091,STK1,CS
55091,HRSG6,
55091,HRSG5,
55091,HRSG4,
55091,HRSG3,
55091,HRSG2,
55091,HRSG1,
55089,CT3,CT
55089,CT2,CT
55089,CT1,CT
55089,20F301,CA
55089,20F201,CA
55089,20F101,CA
55088,EUCTG3,ST
55088,EUCTG2,ST
55088,EUCTG1,ST
55087,2B,
55087,2A,
55086,HRSG1B,CA
55086,HRSG1A,CA
55086,GT1B,CT
55086,GT1A,CT
55084,HRSG1,CS
55079,HRSG1,CA
55079,CT01,CT
55077,ED02,CT
55077,ED01,CT
55077,2,CA
55077,1,CA
55076,AA002,ST
55076,AA001,ST
55075,HRSG,CA
55075,CT01,CT
55068,HRSG2,CA
55068,HRSG1,CA
55068,GEN2,CT
55068,GEN1,CT
55065,HRSG2,CA
55065,HRSG1,CA
55065,GEN2,CT
55065,GEN1,CT
55063,HRSG3,CA
55063,HRSG2,CA
55063,HRSG1,CA
55063,CTG3,CT
55063,CTG2,CT
55063,CTG1,CT
55062,HRSG3,CA
55062,HRSG2,CA
55062,HRSG1,CA
55062,GTG3,CT
55062,GTG2,CT
55062,GTG1,CT
55048,UNT1,CT
55048,HRSG1,CA
55047,HRSG3,CA
55047,HRSG2,CA
55047,HRSG1,CA
55047,CTG3,CT
55047,CTG2,CT
55047,CTG1,CT
55044,RB1,ST
55044,PB5,ST
55044,PB4,ST
55044,PB3,ST
55043,HRSG1,CA
55043,GT1,CT
55042,HRSG2,CA
55042,HRSG1,CA
55042,GEN2,CT
55042,GEN1,CT
55041,HRSG1A,CS
55040,CT2,CT
55040,CT1,CT
55040,201,CA
55040,101,CA
55026,HRSG,CS
55011,CTG1,CT
55011,1,CA
55010,CTG1,CT
55010,1,CA
54998,12600,ST
54998,12500,ST
54998,12400,ST
54998,12300,ST
54995,504,ST
54995,503,ST
54995,502,ST
54995,501,ST
54950,CTG1,CT
54945,13,ST
54945,12,ST
54945,11,ST
54915,HRB101,CA
54915,G101,CT
54914,HRSG2,CA
54914,HRSG1,CA
54914,02,CT
54914,01,CT
54912,HRSG2,CA
54912,HRSG1,CA
54912,GTG2,CT
54912,GTG1,CT
54885,B28,
54885,B23,
54885,B22,
54885,B21,
54857,B24,
54857,B23,
54857,B22,
54857,B21,
54844,GOR2,CT
54844,GOR1,CT
54844,2,CA
54844,1,CA
54832,HRSGB,CA
54832,HRSGA,CA
54832,2,CT
54832,1,CT
54817,HRSG,CA
54817,GT-1,CT
54805,HRSG1,CA
54805,GT-1,CT
54802,REC2,ST
54802,REC1,ST
54802,PFI,ST
54802,BB3,ST
54802,BB2,ST
54802,BB1,ST
54795,C6,ST
54795,C4,ST
54795,C3,ST
54795,C2,ST
54795,C1,ST
54789,4RB,ST
54789,3RB,ST
54789,3PB,ST
54789,2RB,ST
54789,2PB,ST
54789,1RB,ST
54789,1PB,ST
54785,GEN2,CT
54785,B25,CA
54785,1CT,CA
54780,DB2,ST
54780,DB1,ST
54780,B7,ST
54780,B6,ST
54780,B5,ST
54780,B4,ST
54780,B3A,ST
54780,B3,ST
54780,B2,ST
54775,BLR9,
54775,BLR8,ST
54775,BLR7,ST
54775,BLR11,ST
54775,BLR10,ST
54763,R3,ST
54763,R2,
54763,PB5,ST
54763,PB4,ST
54763,PB3,ST
54763,PB2,
54763,PB1,ST
54761,HRSG3,CA
54761,HRSG1,CA
54761,GEN4,CT
54761,GEN2,CT
54758,BW2,ST
54758,BW1,ST
54755,BLR2,ST
54752,RECB,ST
54752,2PB,ST
54752,1PB,ST
54751,BLR1,ST
54749,HRSG1,CA
54749,CTG,CT
54746,2,ST
54746,1,ST
54694,HRSG,CA
54694,GEN1,CT
54693,HRSG 6,CA
54693,HRSG 5,CA
54693,HRSG 4,
54693,HRSG 3,
54693,HRSG 2,CA
54693,HRSG 1,CA
54693,GT#6,CT
54693,GT#5,CT
54693,GT#2,CT
54693,GT#1,CT
54677,HRB,ST
54676,H83,CA
54676,H82,CA
54676,H81,CA
54676,G83,CT
54676,G82,CT
54676,G81,CT
54667,9,
54656,RB5,ST
54656,RB4,ST
54656,RB3,
54656,PB5,ST
54656,PB4,
54656,PB3,
54656,PB2,ST
54656,PB1,ST
54646,CT2,CT
54646,CT1,CT
54646,2,CA
54646,1,CA
54640,HRSG2,CA
54640,HRSG1,CA
54640,GEN2,CT
54640,GEN1,CT
54638,RB01,ST
54638,PC82,ST
54638,PC81,ST
54634,1,ST
54627,C,ST
54627,B,ST
54627,A,ST
54626,BL01,ST
54625,2,ST
54625,1,ST
54620,B1,ST
54593,HRSG,CA
54593,GEN1,CT
54592,HRSG1,CA
54592,GEN1,CT
54586,TRENT,CT
54586,HRSG,CA
54574,HRSG2,CA
54574,HRSG1,CA
54574,GEN2,CT
54574,GEN1,CT
54562,RF22,ST
54562,RF19,ST
54562,RF18,ST
54562,RF15,ST
54562,PB20,ST
54562,PB16,ST
54562,PB13,ST
54562,PB12,ST
54561,GT-G,CT
54556,BLR7,ST
54556,BLR6,ST
54556,BLR5,ST
54556,BLR3,
54556,BLR2,
54556,BLR10,ST
54556,BLR1,
54550,STG1,CA
54550,901C,CT
54550,901B,CT
54550,901A,CT
54547,HRSG 4,CA
54547,HRSG 3,CA
54547,HRSG 2,CA
54547,HRSG 1,CA
54547,4,CT
54547,3,CT
54547,2,CT
54547,1,CT
54537,HRSGB,CA
54537,HRSGA,CA
54537,CT1B,CT
54537,CT1A,CT
54529,0001,ST
54526,00001,ST
54518,RE,
54518,HRSG3,ST
54518,HRSG2,ST
54518,HRSG1,
54512,7,ST
54512,6,ST
54512,5,ST
54512,4,ST
54512,3,ST
54512,2,ST
54512,1,ST
54476,HRSG1,CA
54476,GEN1,CT
54472,ZURN,ST
54472,MECS,ST
54472,LURGI,ST
54472,AUX,ST
54469,BLR2,
54469,BLR1,
54468,BLR1,
54466,HRSG 1,
54466,GEN1,CS
54464,D001,ST
54464,B004,ST
54464,B003,ST
54464,B002,ST
54464,B001,ST
54429,RB2,ST
54429,PB2,ST
54427,21,ST
54427,20,ST
54427,12,ST
54427,10C,ST
54426,HRSG1,CA
54426,GT1,CT
54424,HRSG2,CA
54424,HRSG1,CA
54424,GT2,CT
54424,GT1,CT
54415,101613,ST
54414,BLR4,
54414,BLR3,
54414,BLR2,
54414,BLR1,
54408,B25,
54408,B24,
54408,B23,
54408,B22,
54408,B21,
54408,B09,ST
54408,B08,ST
54408,B07,ST
54408,B06,ST
54408,B05,ST
54372,GT2,CT
54372,GT1,CT
54365,HRSG1,CA
54365,APC2,CT
54365,APC1,CT
54358,RB3,ST
54358,RB2,ST
54358,PB3,ST
54358,PB2,ST
54358,PB1,ST
54350,GTC,CT
54350,GTB,CT
54350,GTA,CT
54350,AUX,CA
54349,GTC,CT
54349,GTB,CT
54349,GTA,CT
54349,AUX,CA
54338,6,ST
54338,4,ST
54338,3,ST
54338,2,ST
54338,1,ST
54335,B006,ST
54335,B005,ST
54335,B004,ST
54335,B003,ST
54335,B002,ST
54333,G001,CT
54324,HRSG4,CA
54324,HRSG3,CA
54324,GEN2,CT
54324,GEN1,CT
54321,3B108,ST
54321,3B107,ST
54321,3B106,ST
54321,3B105,ST
54321,3B104,ST
54321,3B103,ST
54321,3B102,ST
54321,3B101,ST
54318,E,ST
54318,D,ST
54318,C,ST
54304,1A,ST
54281,REC,ST
54281,POW,ST
54281,MFB,ST
54276,7,ST
54276,6,ST
54271,HRSG2,CA
54271,HRSG1,CA
54271,CTG2,CT
54271,CTG1,CT
54268,E301,
54268,E201,
54268,E101,
54238,N64516,ST
54238,N64514,ST
54238,BIOMS1,ST
54236,HRSG1,ST
54236,BLR8,
54236,BLR5,
54236,BLR4,
54236,BLR3,ST
54236,BLR2,ST
54236,BLR1,ST
54228,2,ST
54225,3,ST
54225,2,ST
54225,1,
54224,SG4,ST
54224,SG3,ST
54224,SG2,ST
54224,SG1,ST
54219,BLR1,
54216,REC3,ST
54216,PB2,ST
54216,PB1,ST
54216,AOW4,
54216,AOW3,
54216,AOW2,
54216,AOW1,
54210,EUI1,ST
54207,3,ST
54207,2,ST
54207,1,ST
54201,BLR9,ST
54201,BLR8,ST
54201,BLR7,
54201,BLR6,
54201,BLR5,
54201,BLR4,ST
54201,BLR3,ST
54201,BLR2,ST
54201,BLR10,ST
54201,BLR1,ST
54131,HR123,CA
54131,GEN1,CT
54114,HRSG2,CA
54114,HRSG1,CA
54114,GEN2,CT
54114,GEN1,CT
54104,RB3,ST
54104,RB2,ST
54104,PB3,ST
54104,PB2,ST
54104,PB1,ST
54101,RB3,ST
54101,RB2,ST
54101,RB1,ST
54101,PB2,ST
54101,PB1,ST
54100,N1REBO,ST
54100,N1BABO,ST
54099,RB1,ST
54099,PB1,ST
54098,B11,ST
54098,B10,ST
54098,B09,ST
54098,B08,ST
54098,B07,ST
54097,RB2,ST
54097,RB1,ST
54097,PB2,ST
54097,PB1,ST
54096,HRSG4,
54096,GEN4,CT
54096,BLRR2,
54096,BLRR1,
54096,BLRP1,
54096,BLRB2,
54096,BLRB1,
54091,RB2,ST
54091,RB1,ST
54091,PB2,ST
54091,PB1,ST
54091,HRSG,ST
54087,RB02,ST
54087,RB01,ST
54087,PB02,ST
54087,PB01,ST
54085,WFI,ST
54085,RB2,ST
54085,RB1,ST
54085,PB2,ST
54085,PB1,ST
54081,4B,ST
54081,4A,ST
54081,3B,ST
54081,3A,ST
54081,2B,ST
54081,2A,ST
54081,1B,ST
54081,1A,ST
54076,HRSG1,CA
54076,GEN1,CT
54056,HRSG,CA
54056,GEN1,CT
54041,GEN3,CT
54041,GEN2,CT
54041,GEN1,CT
54041,4,CA
54035,BLR1,ST
54034,HRSG,CA
54034,GEN1,CT
54033,BLR3,
54033,BLR2,
54033,BLR1,
54004,TB1,
54004,PB2,ST
54004,PB1,
54004,HRSG,ST
52193,HRSG 2,ST
52193,HRSG 1,ST
52193,BLR4,ST
52193,BLR3,ST
52193,BLR2,ST
52193,BLR1,ST
52188,DB2,
52188,DB1,
52188,B9,
52188,B8,
52188,B7,
52188,B6,
52188,B22,
52188,B21,
52188,B10,
52176,HRSG2,CA
52176,HRSG1,CA
52176,GEN2,CT
52176,GEN1,CT
52175,B1D,
52175,B1C,ST
52175,B1B,ST
52175,B1A,ST
52175,B1,ST
52168,U00008,
52168,U00006,ST
52168,U00004,ST
52168,U00003,ST
52152,9PB,ST
52152,7PB,ST
52152,6RB,ST
52152,6PB,ST
52152,5RB,ST
52152,5PB,ST
52152,4RB,ST
52151,RF2,ST
52151,RF1,ST
52151,PB2,ST
52151,PB1,ST
52149,B4,
52140,RF2,ST
52140,RF1,ST
52140,PB2,ST
52140,PB1,ST
52132,HRSG2,CA
52132,HRSG1,CA
52132,GEN2,CT
52132,GEN1,CT
52130,36BLR,ST
52130,34BLR,ST
52130,33BLR,ST
52130,32BLR,ST
52130,31BLR,ST
52130,17BLR,
52130,16BLR,
52130,15BLR,
52130,14BLR,
52130,13BLR,
52120,G65,CA
52120,G64,CA
52120,G-67,CT
52120,G-66,CT
52120,G-63,CT
52120,G-61,CT
52118,103,ST
52118,102,ST
52118,101,ST
52109,HRSG2,CA
52109,HRSG1,CA
52109,GEN2,CT
52109,GEN1,CT
52106,45,ST
52106,40,ST
52106,39,ST
52106,38,ST
52106,37,ST
52105,7BLR,
52105,5BLR,
52105,4BLR,
52105,3BLR,
52105,1BLR,
52089,NO9BLR,ST
52089,NO8BLR,ST
52089,NO7BLR,ST
52089,NO6BLR,ST
52089,NO5BLR,ST
52089,NO4BLR,ST
52089,NO3BLR,ST
52089,NO2BLR,ST
52089,NO1BLR,ST
52089,BLR14,ST
52089,BLR13,ST
52089,BLR12,ST
52089,BLR11,ST
52089,BLR10,ST
52088,HRSG 3,CA
52088,HRSG 2,CA
52088,HRSG 1,CA
52088,GEN4,CT
52088,GEN3,CT
52088,GEN2,CT
52073,HRSG B,CA
52073,HRSG A,CA
52073,GEN2,CT
52073,GEN1,CT
52072,5,ST
52072,481-6,ST
52072,481-5,ST
52072,481-4,ST
52072,481-3,ST
52072,481-2,ST
52072,481-1,ST
52072,4,ST
52072,3,ST
52072,2,ST
52072,1,
52071,SANDW3,
52071,SANDW2,
52071,SANDW1,
52071,5B,ST
52071,5A,ST
52069,HP6,ST
52069,HP5,ST
52069,HP4,ST
52069,HP3,ST
52069,HP2,ST
52069,HP1,ST
52061,GEN3,CT
52056,GT1,CT
52056,4,CA
52048,HRSG2,
52048,HRSG1,
52048,9,
52048,8,
52048,7,
52031,B01B3,ST
52026,HRSG,CA
52026,GEN1,CT
52024,6,ST
52024,5,ST
52024,4,ST
52024,3,ST
52024,2,ST
52019,HR602,CA
52019,HR601,CA
52019,HR502,CA
52019,HR501,CA
52019,GEN5,CT
52019,GEN4,CT
52019,GEN2,CT
52019,GEN1,CT
52010,BLR3,ST
52010,BLR2,ST
52010,BLR1,ST
52007,BLR2,ST
52007,BLR1,ST
52006,HRU200,CA
52006,HRU100,CA
52006,GEN6,CT
52006,GEN5,CT
51038,B2,ST
51038,B1,ST
51030,HRSG2,CA
51030,HRSG1,CA
51030,GEN2,CT
51030,GEN1,CT
51026,BLR1,ST
50978,HRSG2,CA
50978,HRSG1,CA
50978,GEN2,CT
50978,GEN1,CT
50976,AAB01,ST
50974,UNIT 2,ST
50974,UNIT 1,ST
50973,COB,
50973,46,CA
50973,44,CA
50973,43,CA
50973,42,CA
50973,41,CA
50973,37,CA
50973,36,
50973,35,CA
50973,34,CA
50973,33,CA
50973,32,CA
50973,29,
50969,HRSG2,ST
50969,HRSG1,ST
50969,BLR9,ST
50969,BLR8,ST
50969,BLR7,ST
50969,BLR12,ST
50969,BLR11,
50969,BLR10,ST
50969,BFB-1,ST
50966,2,
50966,1,
50960,UNIT3,ST
50960,UNIT2,ST
50960,UNIT1,ST
50956,RB3,ST
50956,PB3,ST
50956,PB2,ST
50956,PB1,
50956,BFB,ST
50951,1,ST
50949,GEN2,CT
50949,GEN1,CT
50949,1B,CA
50949,1A,CA
50933,BLR8,ST
50933,BLR7,ST
50933,BLR5,
50933,BLR4,
50933,BLR3,
50933,BLR2,
50933,BLR1,
50931,BLR2,ST
50931,BLR1,ST
50900,9PB,ST
50900,8PB,
50900,7PB,
50900,6PB,ST
50900,2RB,ST
50900,1RB,ST
50900,1PB,ST
50900,11PB,ST
50900,10PB,ST
50888,BLR1,ST
50887,BLR3,ST
50887,BLR2,ST
50887,BLR1,ST
50886,1-1B,ST
50886,1-1A,ST
50885,BLR2,ST
50885,BLR1,ST
50884,B103,ST
50884,B102,ST
50884,B101,ST
50883,BLR3,ST
50883,BLR2,ST
50883,BLR1,ST
50882,3,ST
50882,2,ST
50882,1,ST
50881,BLR3,ST
50881,BLR2,ST
50881,BLR1,ST
50880,UNIT2,ST
50880,UNIT1,ST
50879,BLR1,ST
50878,UNIT2,ST
50878,UNIT1,ST
50877,B2,ST
50877,B1,ST
50876,GEN1,CT
50875,4,ST
50875,3,ST
50875,2,ST
50875,1,ST
50873,B2,ST
50873,B1,ST
50872,B2,ST
50872,B1,ST
50860,BLR2,ST
50860,BLR1,ST
50859,BLR3,ST
50859,BLR2,ST
50859,BLR1,ST
50858,MWC4E,ST
50858,MWC3D,ST
50858,MWC2C,ST
50858,MWC1B,ST
50852,HRSG1,CA
50852,GEN1,CT
50851,GEN1,CT
50850,GEN1,CT
50849,GEN1,CT
50846,PB4,ST
50846,PB3,ST
50846,PB2,ST
50846,PB1,ST
50837,UNIT3,ST
50837,UNIT2,ST
50837,UNIT1,ST
50835,2,ST
50835,1,ST
50815,HRB2,CA
50815,HRB1,CA
50815,GEN7,CT
50815,GEN5,CT
50815,GEN4,CT
50815,GEN3,CT
50815,GEN2,CT
50815,GEN1,CT
50813,RB1,ST
50813,CB1,ST
50810,PB,ST
50810,CB,ST
50810,3RB,ST
50810,2RB,ST
50807,4BB,ST
50807,3BB,ST
50807,2RB,ST
50807,1RB,ST
50806,RBF,ST
50806,PB4,ST
50806,PB3,ST
50806,PB1,ST
50804,RE01,ST
50804,4,ST
50803,3,ST
50803,2,ST
50803,1,ST
50799,WH 2,CA
50799,WH 1,CA
50799,GEN2,CT
50799,GEN1,CT
50776,BLR2,ST
50776,BLR1,ST
50774,1,ST
50772,B1,ST
50771,B1,ST
50770,B1,ST
50748,GEN1,CT
50744,HRSG,CA
50744,GEN1,CT
50743,4,ST
50743,3,ST
50743,2,ST
50743,1,ST
50739,0100,ST
50736,B2,
50736,B1,
50733,TBB6,ST
50733,TBB5,ST
50733,TBB4A,ST
50733,TBB3,ST
50733,TBB2,ST
50733,TBB1,ST
50733,4BH3,ST
50733,4BH2,ST
50733,4BH1,ST
50732,ETBLR3,ST
50732,ETBLR2,ST
50732,ETBLR1,ST
50729,T2BLR,ST
50729,T1BLR,ST
50729,R2BLR,ST
50729,R1BLR,ST
50729,2BLR,ST
50729,1BLR,ST
50711,BLR4,ST
50711,BLR3,ST
50711,BLR2,ST
50711,BLR1,ST
50707,LME,CT
50707,LMD,CT
50707,LMC,CT
50707,LMB,CT
50707,LMA,CT
50707,HRSG E,CA
50707,HRSG D,CA
50707,HRSG C,CA
50707,HRSG B,CA
50707,HRSG A,CA
50666,B3,ST
50666,B2,ST
50666,B1,ST
50663,B300,ST
50663,B200,ST
50663,B100,ST
50662,UNIT3,ST
50662,UNIT2,ST
50662,UNIT1,ST
50661,B,ST
50661,A,ST
50660,3,ST
50660,2,ST
50660,1,ST
50658,4,ST
50658,3,ST
50658,2,ST
50658,1,ST
50657,3,ST
50657,2,ST
50657,1,ST
50656,UNIT3,ST
50656,UNIT2,ST
50656,UNIT1,ST
50650,BLR1,ST
50649,2,ST
50649,1,ST
50648,UNIT2,ST
50648,UNIT1,ST
50640,BLR1,ST
50639,9PB,ST
50639,8PB,ST
50639,7PB,ST
50639,10RB,ST
50638,REC1,ST
50638,PB1,ST
50637,5REC,ST
50637,4REC,ST
50637,4PWR,ST
50637,2PWR,ST
50637,1PWR,ST
50633,other,
50632,2,ST
50632,1,ST
50630,BLR2,ST
50630,BLR1,ST
50629,2,ST
50629,1,ST
50628,HRSG,ST
50628,2C,ST
50628,2B,ST
50628,2A,ST
50627,WCO,ST
50627,HRSG,ST
50627,ECO,ST
50627,AUX,ST
50625,43,ST
50625,42,ST
50625,41,ST
50625,34,ST
50625,33,ST
50625,32,
50625,24,ST
50625,22,
50625,19,
50625,18,
50625,17,
50625,16,
50625,15,
50615,HRSG03,
50615,HRSG02,
50614,6,ST
50614,5,ST
50614,14,ST
50611,031,ST
50572,GEN4,CA
50572,GEN3,CT
50572,GEN2,CT
50572,GEN1,CT
50561,GTG2,CT
50561,GTG1,CT
50561,0002,CA
50561,0001,CA
50560,B101,ST
50558,HRSG,CA
50558,GT01,CT
50555,GEN2,CT
50555,GEN1,CT
50555,EIA01,CA
50544,PKB,ST
50544,1RB,ST
50544,10PB,ST
50541,HRSG1,CA
50541,HR200,CA
50541,GEN1,CT
50530,H43,ST
50498,HRSG,CA
50498,GTG,CT
50497,HRSG1,CA
50497,GTG3,CT
50497,GTG2,CT
50497,GTG1,CT
50491,6BLR,ST
50491,5BLR,ST
50491,4BLR,ST
50491,3BLR,ST
50489,C5,ST
50489,C4,ST
50489,C2,ST
50489,C1,ST
50483,B8,
50483,B7,
50483,B4,
50483,B3,
50483,B2,
50483,B1,
50482,B8,ST
50482,B7,ST
50482,B4,ST
50482,B3,
50482,B2,ST
50482,B1,ST
50481,83-24,ST
50481,83-23,ST
50481,83-22,ST
50481,83-21,ST
50481,83-20,ST
50481,83-19,ST
50481,83-18,ST
50481,423-C,ST
50481,423-B,ST
50481,423-A,ST
50481,325-31,ST
50481,325-30,ST
50481,253-29,ST
50481,253-28,ST
50481,253-27,ST
50481,253-26,ST
50481,253-25,ST
50476,B9,ST
50476,B8,ST
50476,B7,ST
50476,B5,ST
50476,B11,ST
50476,B10,ST
50476,12,ST
50474,F,ST
50474,E,ST
50474,AUX,ST
50473,D,
50473,C,
50472,BLR4,ST
50472,BLR3,ST
50472,BLR2,ST
50472,BLR1,ST
50466,4RB,ST
50466,3RB,ST
50466,2RB,ST
50466,2PB,ST
50466,2BB,ST
50466,1PB,ST
50466,1BB,ST
50465,RB,ST
50465,PB,ST
50458,HRSG1,CA
50458,GEN1,CT
50456,PB2,ST
50456,PB1,ST
50456,4,ST
50451,HRSG1,CA
50451,GEN1,CT
50450,HRSG1,CA
50450,GEN1,CT
50449,HRSG1,CA
50449,GEN1,CT
50447,21,ST
50447,20,ST
50447,18,ST
50447,17,ST
50431,TG9,CT
50431,TG10,CT
50431,8,CA
50431,7,CA
50431,6,CA
50431,5,
50431,4,CA
50431,3,CA
50431,2,CA
50431,1,CA
50410,10,ST
50407,8RB,ST
50407,8PB,ST
50407,7PB,ST
50407,5PB,ST
50406,REC,ST
50406,2HFB,ST
50406,1HFB,ST
50398,15RB,ST
50398,13PB,ST
50397,REC037,ST
50397,7PB039,ST
50397,6PB038,ST
50397,5PB036,ST
50397,4PB034,ST
50397,3PB033,ST
50397,1PB035,ST
50396,BLR6,ST
50396,BLR2,ST
50396,BLR1,ST
50395,7,ST
50395,2,ST
50395,14,ST
50395,10,ST
50395,1,ST
50392,6A,ST
50392,6,
50392,5A,
50392,5,ST
50392,4,ST
50392,3,ST
50392,2,ST
50392,1,ST
50388,K2,ST
50388,K1,ST
50385,HRSG2,CA
50385,HRSG1,CA
50385,GEN2,CT
50385,GEN1,CT
50368,HRSG2,CT
50368,HRSG1,CT
50366,BLR6,ST
50366,BLR5,ST
50366,BLR4,ST
50366,BLR3,ST
50366,BLR2,ST
50366,BLR1,ST
50363,B201,
50359,4,ST
50359,3,ST
50359,2,
50359,1,ST
50326,AT1,CT
50308,8,ST
50308,7,ST
50308,6,ST
50308,5,ST
50308,4,ST
50308,3,ST
50307,B4,ST
50307,B3,ST
50307,B2,ST
50307,B1,ST
50305,K23,ST
50305,K22,ST
50305,K21,ST
50305,K20,ST
50305,K19,ST
50304,HRSG5,
50304,HRSG4,
50304,H8620,
50304,H8610,
50296,R3,ST
50296,R2,ST
50296,R1,ST
50296,C2,ST
50296,C1,ST
50293,BLR100,ST
50292,HRSG3,CA
50292,HRSG2,CA
50292,HRSG1,CA
50292,GEN6,CT
50292,GEN2,CT
50292,GEN1,CT
50290,3,ST
50290,2,ST
50290,1,ST
50282,3RB,ST
50282,2RB,ST
50282,26PB,ST
50282,25PB,ST
50282,24PB,ST
50279,MAIN,ST
50275,3,ST
50275,2,
50274,1,
50254,7RB,ST
50254,4PB,ST
50254,3PB,
50254,2PB,
50254,1PB,ST
50251,WTB,ST
50251,RB,ST
50251,PB,ST
50250,6PB,ST
50250,4PB,ST
50250,3PB,ST
50250,2RB,ST
50250,1RB,ST
50244,WPB,ST
50244,RCB,ST
50244,RBB,ST
50244,PGB,ST
50244,EPB,ST
50244,BBB,ST
50244,4PB,ST
50244,11REC,ST
50244,10REC,ST
50243,9,ST
50243,8,ST
50243,7,
50243,6,
50243,5,ST
50240,BLR7,ST
50240,BLR5,ST
50240,BLR3,ST
50240,BLR2,ST
50240,BLR1,
50231,821,ST
50229,TPCBLR,ST
50225,1SG1B,ST
50225,1SG1A,ST
50216,GN94,CT
50216,GN93,CT
50216,GN92,CT
50216,GN91,CT
50216,94,CA
50216,93,CA
50216,92,CA
50216,91,CA
50215,103,ST
50215,102,ST
50215,101,ST
50208,B1,ST
50201,WB1,ST
50192,3,ST
50192,2,ST
50192,1,ST
50191,REC4,ST
50191,REC3,ST
50191,PKG,ST
50191,PB,ST
50189,PKG,ST
50189,5REC,ST
50189,2HFB,ST
50189,1HFB,ST
50189,1CB,ST
50188,RB,ST
50188,PB2,ST
50188,PB1,ST
50187,PB,ST
50187,11B,ST
50187,10B,ST
50185,PB,ST
50185,3RB,ST
50185,2RB,ST
50185,1RB,ST
50184,REC,ST
50184,PKG,ST
50184,COMB,ST
50152,HRSGW,CA
50152,HRSGE,CA
50152,CGN2,CT
50152,CGN1,CT
50150,GEN8,CT
50150,GEN6,CT
50150,GE11,CT
50150,8 HRSG,CA
50150,6 HRSG,CA
50150,11HRSG,CA
50148,GEN1,CT
50146,D,ST
50146,C,ST
50146,B,ST
50146,A,ST
50127,HRSGC,CA
50127,HRSGB,CA
50127,HRSGA,CA
50127,GTC,CT
50127,GTB,CT
50127,GTA,CT
50121,WHS,
50121,HOC,ST
50121,B&W,
50118,HRSG8,CA
50118,HRSG10,CA
50118,GEN8,CT
50118,GEN10,CT
50118,B7,CA
50118,B3,CA
50118,B2,CA
50118,B1,CA
50112,BLR2,ST
50112,BLR1,ST
50111,BLR1,
50110,BLR1,ST
50109,HRSG2,CA
50109,HRSG1,CA
50109,GEN2,CT
50109,GEN1,CT
50101,RB4,ST
50101,RB3,ST
50101,RB2,ST
50101,PB6,ST
50101,PB5,ST
50101,PB2,ST
50101,PB1,ST
50087,HRSG,ST
50087,4,ST
50087,3,ST
50087,2,ST
50087,1,ST
50071,BLR2,ST
50071,BLR1,ST
50067,2,ST
50067,1,ST
50061,GEN3,CT
50061,GEN2,CT
50051,BLR B,ST
50051,BLR A,ST
50049,BLRC,ST
50049,BLRB,ST
50049,BLRA,ST
50043,HRSG3,CA
50043,HRSG2,CA
50043,HRSG1,CA
50043,GT3,CT
50043,GT2,CT
50043,GT1,CT
50039,1,ST
50028,HRSG,ST
50028,5CE,ST
50028,4BW,ST
50028,2FW,ST
50028,1HP,ST
50028,1FW,ST
50006,HRSG5,CA
50006,HRSG4,CA
50006,HRSG3,CA
50006,HRSG2,CA
50006,HRSG1,CA
50006,GTG6,CT
50006,GTG5,CT
50006,GTG4,CT
50006,GTG3,CT
50006,GTG2,CT
50006,GTG1,CT
50002,GEN3,CT
50002,GEN2,CT
50002,GEN1,CT
10883,PSG3,ST
10883,PSG2,ST
10883,PSG1,ST
10883,HSG2,ST
10883,HSG1,ST
10883,GTHSG3,ST
10883,GTHSG2,ST
10883,GTHSG1,ST
10869,SOUTH,ST
10869,NORTH,ST
10867,COGEN2,ST
10867,COGEN1,ST
10866,9,
10866,5,
10866,3,
10866,2,
10866,14,
10866,13,
10866,12,
10866,11,
10866,10,
10866,1,
10865,CFB9,ST
10865,CFB8,ST
10865,CFB7,ST
10865,CFB6,ST
10865,CFB5,ST
10865,CFB4,ST
10865,CFB3,ST
10865,CFB2,ST
10865,CFB1,ST
10864,5,ST
10864,4,ST
10864,3,ST
10864,2,ST
10864,1,ST
10860,CFB3,ST
10860,CFB2,ST
10860,CFB1,ST
10860,B9,
10860,B8,
10860,B7,
10860,B6,
10860,B5,
10860,B4,
10860,B3,
10860,B2,
10860,B10,
10860,B1,
10855,STKR3,ST
10855,STKR2,ST
10855,STKR1,ST
10855,HPGAS2,ST
10855,HPGAS1,ST
10849,BLR2,ST
10849,BLR1,ST
10840,U2,ST
10840,U1,ST
10839,BLR1,ST
10838,BLR1,ST
10837,B1,ST
10836,BLR1,ST
10823,B201,ST
10823,B101,ST
10822,BOIL1,ST
10819,HRSG1,CA
10819,GEN1,CT
10812,GEN1,CT
10811,HRSG1,CA
10811,GEN1,CT
10810,GEN1,CT
10805,GEN1,CT
10803,HRSG A,
10796,BLR3,
10796,BLR2,
10796,BLR1,
10795,BLR8,ST
10795,BLR7,ST
10795,BLR6,ST
10795,BLR4,
10795,BLR3,ST
10795,BLR2,ST
10795,BLR1,ST
10793,BLR5,
10793,BLR3,
10793,BLR2,
10793,BLR1,
10789,GT1B,CT
10789,GT1A,CT
10789,GEN1,CT
10789,EIHRSG,CA
10789,DB1B,CA
10789,DB1A,CA
10784,BLR1,ST
10777,ZURN1,ST
10774,2,ST
10774,1,ST
10773,2,ST
10773,1,ST
10772,CFB,ST
10771,2,ST
10771,1,ST
10767,CFB,ST
10766,CFB001,ST
10765,CFB002,ST
10764,Zurn,ST
10761,HRSG1,CA
10761,GEN6,CT
10761,GEN5,CT
10761,GEN4,CT
10761,GEN3,CT
10761,GEN1,CT
10761,3A3B,CA
10761,2A2B,CA
10755,HR4,CA
10755,HR3,CA
10755,HR2,CA
10755,GT4,CT
10755,GT3,CT
10755,GT2,CT
10751,HRSG1,CA
10751,GEN1,CT
10746,BLR6,ST
10746,BLR5,ST
10746,BLR4,ST
10746,BLR3,ST
10746,BLR2,ST
10746,BLR1,ST
10745,GT9,CT
10745,GT8,CT
10745,GT7,CT
10745,GT6,CT
10745,GT5,CT
10745,GT4,CT
10745,GT3,CT
10745,GT14,CT
10745,GT13,CT
10745,GT12,CT
10745,GT11,CT
10745,GT10,CT
10745,21E01,CA
10745,20E01,CA
10745,19E01,CA
10745,18E01,CA
10745,17E01,CA
10745,16E01,CA
10745,14HR82,CA
10745,13HR82,CA
10745,12HR82,CA
10745,11HR82,CA
10745,10HR82,CA
10745,09HR82,CA
10743,CFB2,ST
10743,CFB1,ST
10741,HRSG4,CA
10741,HRSG3,CA
10741,HRSG2,CA
10741,G104,CT
10741,G103,CT
10741,G102,CT
10726,ST,CA
10726,GEN2,CT
10726,GEN1,CT
10725,HRSG3,CA
10725,HRSG2,CA
10725,HRSG1,CA
10725,GEN4,CT
10725,GEN3,CT
10725,GEN1,CT
10700,RB4,ST
10700,BLR2,
10700,BLR1,ST
10699,6,
10699,5,
10699,4,ST
10699,3,ST
10699,2,ST
10699,1,ST
10698,9,ST
10698,8,ST
10697,RB,ST
10686,8,ST
10686,7,ST
10686,6,ST
10686,5,ST
10684,BLR26,ST
10684,BLR25,ST
10684,BLR22,ST
10682,HR5,CA
10682,HR4,CA
10682,HR2,CA
10682,HR1,CA
10682,GT5,CT
10682,GT4,CT
10682,GT3,CT
10682,GT1,CT
10678,BLR1,ST
10673,BLRB,ST
10673,BLRA,ST
10672,CBC,ST
10672,CBB,ST
10672,CBA,ST
10671,2B,ST
10671,2A,ST
10671,1B,ST
10671,1A,ST
10661,4,ST
10652,BLR2,ST
10652,BLR1,ST
10646,BLR2,ST
10646,BLR1,ST
10643,3,ST
10643,2,ST
10643,1,ST
10642,3,ST
10642,2,ST
10642,1,ST
10641,B2,ST
10641,B1,ST
10633,HRSG3,CA
10633,HRSG2,CA
10633,HRSG1,CA
10633,GT3,CT
10633,GT2,CT
10633,GT1,CT
10629,BLR3,ST
10629,BLR2,ST
10629,BLR1,ST
10627,RB4,ST
10627,RB3,ST
10627,RB2,ST
10627,PB2,ST
10627,PB1,ST
10627,BB1,ST
10623,GEN1,CT
10623,4,CA
10623,3,CA
10623,2,CA
10623,1,CA
10621,HRSG50,CA
10621,GEN1,CT
10620,HRSG,CA
10620,GEN1,CT
10617,HRSG50,CA
10617,GEN1,CT
10613,9PB,ST
10613,3RB,ST
10612,RB2,ST
10612,RB1,ST
10612,PB6,ST
10612,PB5,ST
10612,PB1SCB,
10612,PB1,
10611,7,ST
10611,5,ST
10611,4RB,ST
10611,4 COMB,ST
10610,REC2,ST
10610,REC1,ST
10610,PFI,ST
10610,COMB,ST
10606,9A,ST
10606,8R,ST
10606,6A,ST
10606,5A,ST
10606,10A,ST
10605,7PB,ST
10605,6RB,ST
10605,6PB,ST
10605,5RB,ST
10605,4PB,ST
10604,BLR3,ST
10604,BLR2,ST
10604,BLR1,ST
10603,031,ST
10593,BLR1,ST
10567,H101,CA
10567,GTG2,CT
10567,GTG,CT
10566,BOIL2,ST
10566,BOIL1,ST
10562,REC5,ST
10562,PB6,ST
10562,PB3,
10562,PB2,
10562,PB1,
10560,RB6,ST
10560,RB5,ST
10560,POWB5,ST
10560,POWB4,ST
10560,POWB3,ST
10560,POWB2,ST
10560,POWB,ST
10560,PACKB,ST
10554,THB-60,CA
10554,THB-50,CA
10554,THB-40,CA
10554,THB-30,CA
10554,THB-20,CA
10554,THB-10,CA
10554,TBG6,CT
10554,TBG5,CT
10554,TBG4,CT
10554,TBG3,CT
10554,TBG2,CT
10554,TBG1,CT
10554,BO3,CT
10554,3THB20,
10554,3THB1,
10525,4A,ST
10521,WHSG2,CA
10521,WHSG1,CA
10521,GEN2,CT
10521,GEN1,CT
10521,BLR5,CA
10521,BLR4,CA
10521,BLR3,CA
10511,9,ST
10511,8,ST
10511,5,ST
10511,4,ST
10511,10,ST
10504,SB2,ST
10504,SB1,ST
10503,SG201B,ST
10503,SG201A,ST
10502,02,ST
10495,CRECV,ST
10495,7,ST
10495,6,ST
10491,5,ST
10491,3,ST
10488,REC,ST
10488,PB4,ST
10488,PB3,ST
10488,PB2,ST
10488,PB1,ST
10486,RECBLR,ST
10486,3,ST
10486,2,ST
10486,1,ST
10478,GEN1,CT
10477,R3,ST
10477,R2,ST
10477,R1,ST
10477,P3,ST
10477,P2,ST
10477,P1,ST
10473,B502,
10473,B501,
10472,B400,ST
10472,B300,ST
10471,SMB001,
10464,E0003,ST
10464,E0002,ST
10464,E0001,ST
10446,HTFHTR,ST
10444,HTFHTR,ST
10443,7U100,ST
10442,6U100,ST
10441,5U100,ST
10440,4U100,ST
10439,3U100,ST
10438,2U100,
10437,1SH,
10435,SG101C,ST
10435,SG101B,ST
10435,SG101A,ST
10430,B9,ST
10430,B8,ST
10430,B7,ST
10430,B6,
10430,B5,
10430,B1,ST
10426,WFB,ST
10426,RF5,ST
10426,PB4,ST
10426,PB3,
10426,PB2,
10426,PB1,
10425,PF1BLR,ST
10425,BRKBLR,ST
10425,3PB,ST
10425,2RB,ST
10425,1RB,ST
10418,H5,ST
10418,H4,ST
10418,H101,ST
10418,H1,ST
10416,BO9,ST
10416,BO8,ST
10416,BO7,ST
10416,BO6,ST
10416,BO5,ST
10416,BO4,ST
10405,HRSG1,CA
10405,GEN1,CT
10398,D,
10398,C,ST
10398,B,ST
10398,A,ST
10397,9HPB,ST
10397,8HPB,ST
10397,7HPB,ST
10397,6HPB,ST
10397,5HPB,ST
10395,1,ST
10384,2B,ST
10384,2A,ST
10384,1B,ST
10384,1A,ST
10382,UNIT2,ST
10382,UNIT1,ST
10380,B BLR,
10380,A BLR,
10379,1C,ST
10379,1B,ST
10379,1A,ST
10378,2C,ST
10378,2B,ST
10378,2A,ST
10378,1C,ST
10378,1B,ST
10378,1A,ST
10377,2C,ST
10377,2B,ST
10377,2A,ST
10377,1C,ST
10377,1B,ST
10377,1A,ST
10362,BLR5,ST
10362,BLR4,ST
10362,BLR3,ST
10362,BLR2,ST
10362,BLR1,ST
10361,5B,ST
10361,4B,ST
10361,3B,ST
10360,B29,ST
10360,B28,ST
10360,B27,ST
10360,B26,ST
10360,B25,
10360,B24,
10360,B02,ST
10356,BOIL1,ST
10354,1,ST
10350,HRSG,CA
10350,GEN1,CT
10346,BOIL01,ST
10343,SG-101,ST
10342,TG2,CT
10342,TG1,CT
10342,EIHRSG,CA
10334,3,ST
10334,2,ST
10334,1,ST
10333,1,ST
10328,BLR6,ST
10328,BLR4,ST
10328,BLR3,ST
10328,BLR2,ST
10328,BLR1,ST
10319,HRSG,ST
10308,HRSG2,CA
10308,HRSG1,
10308,CT2,CT
10307,HRSG2,CA
10307,HRSG1,CA
10307,CT2,CT
10307,CT1,CT
10300,BLR2,ST
10300,BLR1,ST
10294,HRSG1,CA
10294,GTG,CT
10290,EU1,ST
10262,GEN6,CT
10252,THB,ST
10252,REC 2,ST
10252,7,
10250,2,ST
10250,1,ST
10245,12,ST
10245,11,ST
10245,10,ST
10244,9,ST
10244,8,ST
10244,7,ST
10244,6,ST
10244,2,ST
10244,1,ST
10234,5,ST
10234,4,ST
10234,3,ST
10234,2,ST
10234,1,ST
10233,RB,ST
10233,PB,ST
10224,BLR11,
10224,BLR 9,ST
10224,BLR 8,
10224,BLR 7,
10224,BLR 5,ST
10224,BLR 3,ST
10224,BLR 10,ST
10216,RB1,ST
10216,PB1,ST
10213,HRSG7,CA
10213,HRSG5,CA
10213,HRSG2,CA
10213,HRSG1,CA
10213,GEN7,CT
10213,GEN5,CT
10213,GEN2,CT
10213,GEN1,CT
10211,213,
10211,212,
10211,211,
10208,9,ST
10208,8,ST
10208,7,ST
10208,11,ST
10208,10,ST
10202,7PWR,ST
10202,5REC,ST
10202,5PWR,ST
10202,4REC,ST
10190,HRSG-1,CA
10190,GEN1,CT
10187,COBOIL,
10184,EG2,CT
10184,EG1,CT
10169,HRSG1,CA
10169,GEN1,CT
10156,HRSG1,CA
10156,GEN4,CT
10151,BLR1B,ST
10151,BLR1A,ST
10148,BLR 2,
10148,BLR 1,ST
10144,BLR3,ST
10144,BLR2,
10143,ABB01,ST
10118,3,ST
10118,2,ST
10118,1,ST
10113,CFB2,ST
10113,CFB1,ST
10099,HRSG1,CA
10099,GEN1,CT
10091,GEN1,CT
10091,G3,CT
10091,G2,CT
10090,SMB001,ST
10075,3,
10075,2,ST
10075,1,ST
10074,RECBOI,
10072,WHBOIL,ST
10062,BLR4,ST
10062,BLR3,ST
10062,BLR2,ST
10062,BLR1,ST
10061,GEN1,CT
10052,BLR1,ST
10043,B01,ST
10034,HRSG1,CA
10034,GEN1,CT
10033,13,ST
10033,12,ST
10033,11,ST
10030,KD-1,CT
10030,DOVCC1,CA
10030,COGEN1,
10029,5,ST
10029,3,ST
10029,2,ST
10029,1,ST
10025,PB4,ST
10025,PB3,ST
10025,PB2,ST
10025,PB1,ST
10025,48,
10025,47,
10025,46,
10025,45,ST
10025,44,ST
10025,43,ST
10025,42,ST
10025,41,ST
10025,15,
10025,14,
10025,13,
10017,RF05,ST
10017,RF04,ST
10017,PB10,ST
10017,PB08,ST
10017,PB06,
10013,2,ST
10013,1,ST
10012,2,ST
10012,1,ST
10003,BLR5,ST
10003,BLR4,ST
10003,BLR3,
10003,BLR2,ST
10003,BLR1,ST
9864,8,
9864,7,
9864,6,
9864,5,
8907,NSS3,
8906,50,ST
8906,40,ST
8906,30,ST
8906,20,ST
8226,1,ST
8224,2,ST
8224,1,ST
8223,4,ST
8223,3,ST
8223,2,ST
8223,1,ST
8222,B1,ST
8219,1,ST
8102,2,ST
8102,1,ST
8083,ST7,CA
8083,CT5,CT
8083,CT4,CT
8073,6,
8073,5,
8073,4,
8073,3,
8073,2,
8073,1,
8069,2,ST
8069,1,ST
8068,ST6A,CT
8068,ST5B,CT
8068,ST5A,CT
8068,ST4,CS
8068,ST3,CS
8068,ST2,CS
8068,ST1,CS
8068,6A,CA
8068,5B,CA
8068,5A,CA
8068,4,
8068,3,
8068,2,
8068,1,
8066,BW74,ST
8066,BW73,ST
8066,BW72,ST
8066,BW71,ST
8063,1,
8059,7252,CA
8059,7251,CA
8056,2,ST
8056,1,ST
8055,NSS2,
8055,NSS1,
8054,1,ST
8048,2,ST
8048,1,ST
8042,2,ST
8042,1,ST
8036,NSS1,
8031,2,CA
8031,12,CT
8031,11,CT
8031,1,CA
8023,2,ST
8023,1,ST
8011,NSS1,
8006,2,ST
8006,1,ST
8002,1,ST
8000,SG2,CA
8000,SG1,CA
8000,CT2,CT
8000,CT1,CT
7999,HRSG2,CA
7999,HRSG1,CA
7999,CT2,CT
7999,CT1,CT
7991,HRSG2,CA
7991,HRSG1,CA
7991,CT2,CT
7991,1,CT
7985,HRSG2,CA
7985,HRSG1,CA
7985,GT2,CT
7985,GT1,CT
7946,HRSG2,CA
7946,HRSG1,CA
7946,CT2,CT
7946,CT1,CT
7931,SG02,CA
7931,1,CT
7917,8B,CA
7917,8A,CA
7917,2,CT
7917,1,CT
7902,1,ST
7900,5A,
7897,CT2B,CT
7897,CT2A,CT
7897,CT1B,CT
7897,CT1A,CT
7897,2B,CA
7897,2A,CA
7897,1B,CA
7897,1A,CA
7887,HRSG3,CA
7887,HRSG2,CA
7887,3,CT
7887,2,CT
7873,2D,
7873,2C,
7873,2B,
7873,2A,
7873,1C,
7873,1B,
7873,1A,
7870,HRSG1,CA
7870,CTG3,CT
7870,CTG2,CT
7870,CTG1,CT
7846,HRSG3,CA
7846,HRSG2,CA
7846,003,CT
7846,002,CT
7845,HRSG,CA
7845,CTG2,CT
7845,CTG1,CT
7834,CT1B,CT
7834,CT1A,CT
7834,1B,CA
7834,1A,CA
7832,9,
7832,8,CT
7832,7,CT
7826,5,
7826,4,
7805,ST5,CA
7805,9,CT
7805,8,CT
7805,7,CT
7805,4,CA
7805,10,CT
7790,1-1,ST
7784,HRSG,CA
7784,1,CT
7757,5,CT
7757,4,
7757,3,CA
7757,2,
7757,1,
7737,RB01,ST
7737,B001,ST
7722,NSS2,
7722,NSS1,
7721,HRSG,CA
7721,1,CT
7710,CT3B,CT
7710,CT3A,CT
7710,CT2B,CT
7710,CT2A,CT
7710,CT1B,CT
7710,CT1A,CT
7710,3B,CA
7710,3A,CA
7710,2B,CA
7710,2A,CA
7710,1B,CA
7710,1A,CA
7701,5,ST
7701,4,ST
7701,3,
7699,CT1,CT
7699,1,CA
7698,HRSG1,CA
7698,1,CT
7697,1,
7627,14,
7605,1,CS
7604,HRSG2,CS
7604,HRSG1,CS
7552,HRSG,CA
7552,CCCT,CT
7551,HRSGB,CA
7551,HRSGA,CA
7551,CT1B,CT
7551,CT1A,CT
7549,3,ST
7549,2,ST
7549,1,ST
7546,HRSG1,CA
7546,3,CT
7537,B,
7537,A,
7527,HRSG,CA
7527,CCCT,CT
7513,BOIL1,ST
7512,2,
7512,1,
7504,2,ST
7380,HRSG2,CA
7380,HRSG1,CA
7380,CT2,CT
7380,CT1,CT
7350,SG01,CA
7350,1,CT
7343,4,ST
7314,NA1,CT
7314,EIA01,CA
7307,6,CT
7307,5,CT
7307,4HRSG,CA
7302,4GT2,CT
7302,4GT,CT
7302,4B,CA
7302,4A,CA
7302,3GT2,CT
7302,3GT,CT
7302,3B,CA
7302,3A,CA
7302,2GT2,CT
7302,2GT,CT
7302,2B,CA
7302,2A,CA
7302,1GT2,CT
7302,1GT,CT
7302,1B,CA
7302,1A,CA
7296,HRSG22,CA
7296,HRSG21,CA
7296,2-2,CT
7296,2-1,CT
7294,GTG,CT
7286,4,
7286,3,
7286,2,
7286,1,
7266,Unit2,CA
7266,3,CT
7242,2D,ST
7242,2C,ST
7242,2B,ST
7242,2A,ST
7242,1CT,CT
7242,1A,CA
7238,MS4,CA
7238,MS3B,CA
7238,MS2B,CA
7238,4,CT
7238,3,CT
7238,2,CT
7213,2,ST
7213,1,ST
7210,COP1,ST
7153,HRSG7,CA
7153,HRSG6,CA
7153,HRSG5,CA
7153,HRSG3,CA
7153,HRSG2,CA
7153,HRSG1,CA
7153,HR7,CT
7153,HR6,CT
7153,HR5,CT
7153,HR3,CT
7153,HR2,CT
7153,HR1,CT
7130,1,ST
7097,BLR2,ST
7097,BLR1,ST
7082,HRSG6,CA
7082,HRSG5,CA
7082,6,CT
7082,5,CT
7030,U2,ST
7030,U1,ST
7013,4,ST
6823,W1,ST
6772,1,ST
6768,1,ST
6761,101,ST
6705,4,ST
6705,3,ST
6705,2,ST
6705,1,ST
6664,101,ST
6648,4,ST
6641,2,ST
6641,1,ST
6639,G2,ST
6639,G1,ST
6559,9,CT
6559,7GB,CA
6559,7,CT
6559,5B,CA
6559,10,CT
6558,4,ST
6558,3,ST
6504,M19,CA
6504,M17,CA
6504,M16,CA
6504,M14,CA
6504,19,CT
6504,17,CT
6504,16,CT
6504,14,CT
6481,2SGA,ST
6481,1SGA,ST
6478,4,
6478,3,
6474,1,ST
6469,B2,ST
6469,B1,ST
6462,NSS1,
6358,HRSG1,CA
6358,2,CT
6288,2,ST
6288,1,ST
6285,HRSG1,CA
6285,GT3,CT
6264,1,ST
6257,4,ST
6257,3,ST
6257,2,ST
6257,1,ST
6254,1,ST
6251,NSS2,
6251,NSS1,
6250,1B,ST
6250,1A,ST
6249,4,ST
6249,3,ST
6249,2,ST
6249,1,ST
6248,1,ST
6246,HRSG22,
6246,HRSG21,
6246,HRSG12,
6246,HRSG11,
6243,1,ST
6238,1A,
6213,2SG1,ST
6213,1SG1,ST
6204,3,ST
6204,2,ST
6204,1,ST
6195,2,ST
6195,1,ST
6194,172B,ST
6194,171B,ST
6193,063B,ST
6193,062B,ST
6193,061B,ST
6190,3-2,ST
6190,3-1,ST
6190,2,ST
6190,1,ST
6183,SM-1,ST
6181,2,ST
6181,1,ST
6180,2,ST
6180,1,ST
6179,3,ST
6179,2,ST
6179,1,ST
6178,1,ST
6177,U2B,ST
6177,U1B,ST
6170,2,ST
6170,1,ST
6168,NSS2,
6168,NSS1,
6166,MB2,ST
6166,MB1,ST
6166,2,ST
6166,1,ST
6165,3,ST
6165,2,ST
6165,1,ST
6156,NHB1,ST
6155,2,ST
6155,1,ST
6153,NSS1,
6152,NSS2,
6152,NSS1,
6149,NSS1,
6147,3,ST
6147,2,ST
6147,1,ST
6146,3,ST
6146,2,ST
6146,1,ST
6145,NSS2,
6145,NSS1,
6139,3,ST
6139,2,ST
6139,1,ST
6138,1,ST
6137,2,ST
6137,1,ST
6136,1,ST
6127,NSS3,
6127,NSS2,
6127,NSS1,
6124,1,ST
6122,NSS1,
6118,NSS1,
6115,NSS1,
6113,5,ST
6113,4,ST
6113,3,ST
6113,2,ST
6113,1,ST
6112,4,
6112,3,
6112,2,
6110,NSS1,
6106,1SG,ST
6105,NSS2,
6105,NSS1,
6103,NSS2,
6103,NSS1,
6101,BW91,ST
6099,NSS2,
6099,NSS1,
6098,1,ST
6096,2,ST
6096,1,ST
6095,2,ST
6095,1,ST
6094,3,ST
6094,2,ST
6094,1,ST
6090,3,ST
6090,2,ST
6090,1,ST
6089,B1,ST
6085,18,ST
6085,17,ST
6085,15,ST
6085,14,ST
6082,1,ST
6081,CT3,CT
6081,CT2,CT
6081,CT1,CT
6081,CA1,
6081,1C,CA
6081,1B,CA
6081,1A,CA
6077,2,ST
6077,1,ST
6076,4,ST
6076,3,ST
6076,2,ST
6076,1,ST
6073,4CT,CT
6073,4B,CA
6073,4A,CA
6073,4,CT
6073,3CT,CT
6073,3B,CA
6073,3A,CA
6073,3,CT
6073,2,ST
6073,1,ST
6072,NSS1,
6071,2,ST
6071,1,ST
6068,3,ST
6068,2,ST
6068,1,ST
6065,2,ST
6065,1,ST
6064,N1,ST
6061,2,ST
6061,1,ST
6056,K4,ST
6056,K3,ST
6056,K2,ST
6056,K1,ST
6055,2B3,ST
6055,2B2,ST
6055,2B1,ST
6052,2,ST
6052,1,ST
6051,NSS2,
6051,NSS1,
6045,NSS2,
6045,NSS1,
6043,PMR8D,CA
6043,PMR8C,CA
6043,PMR8B,CA
6043,PMR8A,CA
6043,PMR4,CA
6043,PMR3,CA
6043,PMR2,ST
6043,PMR1,ST
6043,8D,CT
6043,8C,CT
6043,8B,CT
6043,8A,CT
6043,4GT2,CT
6043,4GT1,CT
6043,3GT2,CT
6043,3GT1,CT
6042,PMT2,ST
6042,PMT1,ST
6042,D,CT
6042,C,CT
6042,B,CT
6042,A,CT
6042,3D,CA
6042,3C,CA
6042,3B,CA
6042,3A,CA
6041,4,ST
6041,3,ST
6041,2,ST
6041,1,ST
6040,NSS2,
6040,NSS1,
6038,NSS2,
6038,NSS1,
6036,NSS2,
6036,NSS1,
6035,1,ST
6034,2,ST
6034,1,ST
6031,2,ST
6030,2,ST
6030,1,ST
6026,NSS2,
6026,NSS1,
6023,NSS2,
6023,NSS1,
6022,NSS2,
6022,NSS1,
6021,C3,ST
6021,C2,ST
6021,C1,ST
6020,NSS1,
6019,1,ST
6018,2,ST
6017,2,ST
6017,1,ST
6016,1,ST
6015,NSS1,
6014,NSS2,
6014,NSS1,
6013,02,ST
6013,01,ST
6011,NSS2,
6011,NSS1,
6009,2,ST
6009,1,ST
6008,NSS3,
6008,NSS2,
6008,NSS1,
6004,2,ST
6004,1,ST
6002,4,ST
6002,3,ST
6002,2,ST
6002,1,ST
6001,NSS2,
6001,NSS1,
6000,NSS2,
6000,NSS1,
4941,3,ST
4941,2,ST
4941,1,ST
4940,1502,ST
4940,1501,ST
4939,4,
4939,3,
4939,2,
4939,1,ST
4937,CT-2,
4937,CT-1,
4937,1,
4271,B1,ST
4270,NSS3,
4266,5,ST
4266,4,ST
4266,3,
4266,2,
4266,1,
4259,1,ST
4195,3,ST
4195,2,ST
4195,1,ST
4162,3,ST
4162,2,ST
4162,1,ST
4158,BW44,ST
4158,BW43,ST
4158,BW42,ST
4158,BW41,ST
4151,3,
4151,2,
4151,1,
4150,5,
4143,1,ST
4140,B5,
4140,B4,
4140,B3,
4140,B2,
4140,B1,
4125,9,ST
4125,8,ST
4125,7,
4125,6,
4125,5,
4078,4,ST
4078,3,ST
4078,2,ST
4078,1,
4072,8,ST
4072,7,ST
4072,6,
4072,5,
4072,4,
4072,3,
4057,2,
4057,1,
4054,2,
4054,1,
4050,5,ST
4050,4,ST
4050,3,ST
4048,4,
4048,3,
4046,NSS2,
4046,NSS1,
4042,4,ST
4042,3,ST
4042,2,ST
4042,1,ST
4041,8,ST
4041,7,ST
4041,6,ST
4041,5,ST
4040,BO22,CA
4040,BO21,CA
4040,BO12,CA
4040,BO11,CA
4040,2CT2,CT
4040,2CT1,CT
4040,1CT2,CT
4040,1CT1,CT
4005,2,ST
4005,1,ST
3992,9,ST
3992,8,ST
3992,7,
3992,6,
3992,5,
3992,3,
3992,2,
3992,11,
3992,1,
3982,5,ST
3982,2,ST
3982,1,ST
3954,3,ST
3954,2,ST
3954,1,ST
3948,EIA00E,ST
3948,EIA001,ST
3948,2,ST
3948,1,ST
3947,3,
3947,2,
3947,1,
3946,2,
3946,1,
3945,8,
3945,7,
3944,3,ST
3944,2,ST
3944,1,ST
3943,2,ST
3943,1,ST
3942,3,
3942,2,
3942,1,
3938,51,
3938,41,
3938,31,
3938,21,
3938,11,
3936,2,ST
3936,1,ST
3935,3,ST
3935,2,ST
3935,1,ST
3920,2,
3920,1,
3845,BW22,ST
3845,BW21,ST
3845,60,
3845,50,
3845,40,
3845,30,
3809,3,ST
3809,2,ST
3809,1,ST
3806,NSS2,
3806,NSS1,
3804,6B,
3804,6A,
3804,5,ST
3804,4,ST
3804,3,ST
3803,4,
3803,3,
3803,2,
3803,1,
3797,CT8,
3797,CT7,
3797,6,ST
3797,5,ST
3797,4,ST
3797,3,ST
3796,4,ST
3796,3,ST
3776,6,
3776,52,
3776,51,
3775,3,ST
3775,2,ST
3775,1,ST
3648,3,ST
3648,2,ST
3648,1,ST
3644,2,
3644,1,
3631,HRSG9,CA
3631,HRSG8,CA
3631,HRSG7,CA
3631,9,CT
3631,8,CT
3631,7,CT
3631,3,
3630,3,ST
3630,2,ST
3630,1,ST
3628,3,ST
3628,2,ST
3628,1,ST
3627,3,
3627,2,
3627,1,
3613,4,
3613,3,
3613,2,
3613,1,
3612,3,ST
3612,2,ST
3612,1,ST
3611,2,ST
3611,1,ST
3609,4,
3609,3,
3604,8,
3604,7,CA
3604,6A,CA
3604,5,
3604,4,
3602,2,ST
3602,1,ST
3601,3,ST
3601,2,ST
3601,1,ST
3576,CE1,ST
3576,BW3,ST
3576,BW2,ST
3574,BW5,
3561,6,
3561,5,
3561,4,
3561,3,
3559,SR5,ST
3559,HRSG9,CA
3559,9,CT
3549,4,
3549,3,
3549,2,
3549,1,
3548,2,ST
3548,1,ST
3507,9,ST
3504,2,ST
3504,1,ST
3502,2,
3502,1,
3497,2,ST
3497,1,ST
3494,6,ST
3494,5,ST
3492,6,
3492,5,
3491,5,ST
3491,4,ST
3491,3,ST
3491,2,
3491,1B,
3491,1A,
3490,2,ST
3490,1,ST
3489,3,
3489,2,
3489,1,
3485,114B,ST
3485,113B,ST
3485,112B,ST
3485,111B,ST
3484,143B,ST
3484,142B,ST
3484,141B,ST
3483,3,
3482,152B,ST
3482,151B,ST
3478,3,ST
3478,2,ST
3478,1,ST
3477,1,ST
3476,5,ST
3476,4,ST
3476,3,ST
3476,2,ST
3471,WEB3,
3470,WAP8,ST
3470,WAP7,ST
3470,WAP6,ST
3470,WAP5,ST
3470,WAP4,ST
3470,WAP3,ST
3470,WAP2,ST
3470,WAP1,ST
3469,THWB44,CA
3469,THWB43,CA
3469,THWB42,CA
3469,THWB41,CA
3469,THWB34,CA
3469,THWB33,CA
3469,THWB32,CA
3469,THWB31,CA
3469,THW2,
3469,44,CT
3469,43,CT
3469,42,CT
3469,41,CT
3469,34,CT
3469,33,CT
3469,32,CT
3469,31,CT
3468,SRB4,
3468,SRB3,
3468,SRB2,
3468,SRB1,
3466,PHR4,
3466,PHR3,
3466,PHR2,
3466,PHR1,
3464,GBY5,ST
3460,CBY3,
3460,CBY2,ST
3460,CBY1,ST
3459,5,ST
3459,4,ST
3459,3,ST
3459,2,ST
3459,1,ST
3457,2,ST
3457,1,ST
3456,HRSG4,CA
3456,HRSG3,CA
3456,HRSG2,CA
3456,HRSG1,CA
3456,CT2,CT
3456,CT1,CT
3456,5CT2,CT
3456,5CT1,CT
3456,3,ST
3456,2,ST
3456,1,ST
3454,3,
3454,2,
3454,1,
3453,8,ST
3453,7,ST
3453,6,ST
3453,3A,
3453,2,
3452,2,ST
3452,1,ST
3443,HRSG9,CA
3443,8,
3443,7,CT
3443,6,
3441,9,
3441,8,
3441,7,
3441,6,
3441,5,
3439,3,
3439,2,
3439,1,
3419,D,
3419,C,
3419,B,
3419,A,
3407,9,ST
3407,8,ST
3407,7,ST
3407,6,ST
3407,5,ST
3407,4,ST
3407,3,ST
3407,2,ST
3407,1,ST
3406,9,ST
3406,8,ST
3406,7,ST
3406,6,ST
3406,5,ST
3406,4,ST
3406,3,ST
3406,2,ST
3406,10,
3406,1,ST
3405,HRSG1,CA
3405,CTG3,CT
3405,CTG2,CT
3405,CTG1,CT
3405,4,
3405,3,
3405,2,
3405,1,
3403,4,ST
3403,3,ST
3403,2,ST
3403,1,ST
3399,2,ST
3399,1,ST
3396,1,ST
3393,HRSG2,
3393,HRSG1,
3393,3,ST
3393,2,ST
3393,1,ST
3325,1,
3319,4,
3319,3,
3319,2,
3319,1,
3317,2,
3317,1,
3298,WIL1,ST
3297,WAT2,ST
3297,WAT1,ST
3295,URQ3,ST
3295,HRSG6,CA
3295,HRSG5,CA
3295,CT2,CT
3295,CT1,CT
3287,MCM2,ST
3287,MCM1,ST
3280,CAN3,
3280,CAN2,
3280,CAN1,
3265,NSS3,
3265,NSS2,
3265,NSS1,
3264,HRSG2,
3264,HRSG1,
3264,3,ST
3264,2,
3264,1,
3251,NSS2,
3251,1,
3236,HRSG11,CA
3236,HRSG10,CA
3236,HRSG09,CA
3236,GE9A,CT
3236,G11A,CT
3236,G10A,CT
3182,77,
3181,33,
3181,3,
3181,2,
3181,1,
3179,3,
3179,2,
3179,1,
3178,2,
3178,1,
3176,HRSG 6,CA
3176,HRSG 5,CA
3176,6,CT
3176,5,CT
3169,1,
3166,NSS3,
3166,NSS2,
3161,4,ST
3161,3,ST
3161,2,
3161,1,
3159,2,
3159,1,
3152,4,
3152,3,
3152,2B,
3152,2A,
3152,1B,
3152,1A,
3149,2,ST
3149,1,ST
3148,4,ST
3148,3,ST
3148,2,
3148,1,
3140,3,ST
3140,2,ST
3140,1,ST
3138,5,ST
3138,4,ST
3138,3,ST
3136,2,ST
3136,1,ST
3131,4,ST
3131,3,ST
3131,2,ST
3131,1,ST
3130,2,ST
3130,1,ST
3122,3,ST
3122,2,ST
3122,1,ST
3118,2,ST
3118,1,ST
3115,3,
3115,2,
3115,1,
3113,2,
3113,1,
3098,4,
3098,3,
3098,2,
3098,1,
3096,HRSG3,CA
3096,HRSG2B,CA
3096,HRSG2A,CA
3096,3,CT
3096,2B,CT
3096,2A,CT
3008,3,ST
3008,2,ST
3008,1,ST
3006,6,CS
3006,5,CS
3006,4,CS
3006,3,ST
3006,2,ST
3006,1,ST
3000,2,ST
3000,1,ST
2965,1404,ST
2965,1403,
2965,1402,ST
2964,801S,ST
2964,801N,ST
2964,8003,ST
2964,8002,ST
2963,3314,ST
2963,3313,ST
2963,3302,ST
2963,3301B,CA
2963,3301A,CA
2963,1B,CT
2963,1A,CT
2956,3,ST
2956,2,ST
2956,1,ST
2953,4,ST
2953,3,ST
2953,2,ST
2953,1,ST
2952,6,ST
2952,5,ST
2952,4,ST
2952,3,
2951,8,ST
2951,7,ST
2951,6,ST
2943,4,
2943,3,
2943,2,
2943,1,
2942,6,
2942,5,
2937,6,
2937,5,
2937,4,
2936,5,ST
2936,4,ST
2936,3,ST
2935,13,ST
2935,12,ST
2935,11,ST
2935,10,ST
2917,HRB,ST
2917,9,ST
2917,8,ST
2917,7,ST
2917,1,ST
2914,4,ST
2908,6,
2908,5,
2908,4,
2908,3,
2878,4,
2878,3,
2878,2,
2878,1,ST
2876,5,ST
2876,4,ST
2876,3,ST
2876,2,ST
2876,1,ST
2872,5,
2872,4,
2872,3,
2872,2,
2872,1,
2866,7,ST
2866,6,ST
2866,5,ST
2866,4,ST
2866,3,ST
2866,2,ST
2866,1,ST
2864,8,
2864,7,
2864,6,
2864,5,
2861,2,
2861,1,
2850,4,ST
2850,3,ST
2850,2,ST
2850,1,ST
2848,H-6,
2848,H-5,
2848,H-4,
2848,H-3,
2848,H-2,
2848,H-1,
2843,9,
2840,6,ST
2840,5,ST
2840,4,ST
2840,3,
2840,2,
2840,1,
2838,18,
2837,5,
2837,4,
2837,3,
2837,2,
2837,1,
2836,12,ST
2836,10,ST
2835,8,
2835,7,
2835,11,
2835,10,
2832,8,ST
2832,7,ST
2832,6,
2832,5-2,
2832,5-1,
2830,6,
2830,5,
2830,4,
2830,3,
2830,2,
2830,1,
2828,3,ST
2828,2,ST
2828,1,ST
2824,10,ST
2824,1,ST
2823,B2,ST
2823,B1,ST
2817,2,ST
2817,1,ST
2790,B2,ST
2790,B1,ST
2732,9,
2732,8,
2732,7,
2732,10,
2727,4,ST
2727,3,ST
2727,2,ST
2727,1,ST
2723,HRSG2,CA
2723,HRSG1,CA
2723,CT9,CT
2723,CT8,CT
2723,3,
2723,2,
2723,1,
2721,6,ST
2721,5,ST
2721,4,
2721,3,
2721,2,
2721,1,
2720,HRSG2,CA
2720,HRSG1,CA
2720,CT12,CT
2720,CT11,CT
2720,9,
2720,8,
2720,7,
2720,6,
2720,5,
2718,5,ST
2718,4,ST
2718,3,ST
2718,2,ST
2718,1,ST
2716,3,
2716,2,
2716,1,
2713,3,
2713,2,
2713,1,
2712,4B,ST
2712,4A,ST
2712,3B,ST
2712,3A,ST
2712,2,ST
2712,1,ST
2709,3,
2709,2,
2709,1,
2708,6,
2708,5,
2708,2,
2708,1,
2706,2,ST
2706,1,ST
2682,HRSG,ST
2682,9,ST
2682,12,
2682,11,
2682,10,ST
2642,4,
2642,3,
2642,2,
2642,1,
2629,5,
2629,4,
2629,3,
2625,2,ST
2625,1,ST
2594,6,ST
2594,5,ST
2589,NSS2,
2589,NSS1,
2554,4,
2554,3,
2554,2,ST
2554,1,
2539,7,
2539,6,
2539,5,
2539,4,
2539,3,
2539,2,
2539,1,
2535,2,ST
2535,1,ST
2527,6,ST
2527,5,
2527,4,
2517,4,ST
2517,3,ST
2517,2,
2517,1,
2516,4,ST
2516,3,ST
2516,2,ST
2516,1,ST
2514,50,
2514,40,
2513,40,
2511,20,ST
2511,10,ST
2502,90,
2502,80,
2502,62,
2502,61,
2500,40,CA
2500,4,CT
2500,30,ST
2500,20,ST
2500,10,ST
2497,NSS2,
2493,70,ST
2493,60,ST
2491,001,
2490,30,ST
2490,20,ST
2480,4,ST
2480,3,ST
2480,2,ST
2480,1,ST
2475,3,
2475,2,
2475,1,
2465,HRSG1,
2465,4,
2465,3,
2454,122B,ST
2454,121B,ST
2451,4,ST
2451,3,ST
2451,2,ST
2451,1,ST
2450,3,ST
2450,2,ST
2450,1,ST
2446,051B,ST
2444,8,ST
2444,7,ST
2444,6,ST
2442,5,ST
2442,4,ST
2442,3,
2442,2,
2442,1,
2434,9,
2434,8,
2434,7,
2434,4,
2434,10,
2411,71,
2411,4,ST
2411,3,ST
2411,2,ST
2411,1,ST
2410,NSS2,
2410,NSS1,
2408,2,ST
2408,1,ST
2406,2201,CT
2406,22,CA
2406,2101,CT
2406,21,CA
2406,1201,CT
2406,12,CA
2406,1101,CT
2406,11,CA
2404,8,
2404,7,
2403,2,ST
2403,1,
2398,2201,
2398,2101,
2398,1401,
2398,1301,
2398,1201,
2398,1101,
2393,7,
2393,6,
2393,5,
2393,4,
2388,NSS1,
2384,8,
2384,1,
2378,3,ST
2378,2,ST
2378,1,
2367,6,ST
2367,5W,ST
2367,5,
2367,4,ST
2364,2,ST
2364,1,ST
2341,2,
2341,1,
2336,9,
2336,8,
2336,4,
2336,3,ST
2336,2,
2336,1,
2330,2,ST
2330,1,ST
2326,1,
2324,4,ST
2324,3,
2324,2,
2324,1,
2322,GT8,CT
2322,GT7,CT
2322,GT6,CT
2322,GT5,CT
2322,8,CA
2322,7,CA
2322,6,CA
2322,5,CA
2322,3,
2322,2,
2322,1,
2291,5,ST
2291,4,ST
2291,3,ST
2291,2,ST
2291,1,ST
2289,NSS1,
2277,2,ST
2277,1,ST
2244,5,ST
2244,4,ST
2241,B-3,ST
2241,B-2,ST
2241,B-1,ST
2240,8,ST
2240,7,ST
2240,6,ST
2236,1,ST
2226,1,ST
2187,2,
2171,2,ST
2171,1,ST
2168,MB3,ST
2168,MB2,ST
2168,MB1,ST
2167,2,ST
2167,1,ST
2161,5,ST
2161,4,ST
2161,3,ST
2161,2,ST
2161,1,ST
2144,5,ST
2144,4,ST
2144,3,
2132,3,ST
2132,2,ST
2132,1,ST
2123,8,ST
2123,7,ST
2123,6,ST
2107,2,ST
2107,1,ST
2104,4,ST
2104,3,ST
2104,2,ST
2104,1,ST
2103,4,ST
2103,3,ST
2103,2,ST
2103,1,ST
2098,8,ST
2098,6,ST
2098,5,ST
2098,4,ST
2098,3,ST
2098,2,ST
2098,1,ST
2094,3,ST
2094,2,ST
2094,1,ST
2080,3,ST
2080,2,ST
2080,1,ST
2079,9,CA
2079,6,CT
2079,5A,ST
2076,1,ST
2070,HRSG2,CA
2070,HRSG1,CA
2070,GTG2,CT
2070,GTG1,CT
2070,3,ST
2070,2,
2070,1,CA
2067,HRSG1,CA
2067,GT1,CT
2067,3,CA
2063,W3,
2063,W1,
2062,HRSG,ST
2062,H3,ST
2062,H1,ST
2060,4,
2059,9,CS
2059,8,
2059,7,ST
2053,4,ST
2053,3,ST
2053,1B,
2053,1A,
2052,1,
2051,2,
2051,1,
2050,2,ST
2050,1,ST
2049,5,ST
2049,4,ST
2049,3,ST
2049,2,ST
2049,1,ST
2048,2,ST
2048,1,ST
2046,3,
2046,2,
2046,1,
2039,3,ST
2039,2,ST
2039,1,ST
2022,3,ST
2022,2,ST
2022,1,
2018,9,ST
2018,7,ST
2018,11,ST
2018,10,ST
2008,4,
2008,3,
2008,2,
2008,1,
2003,6,
2003,5,
2001,4,ST
2001,2,ST
2001,1,ST
1980,HRSG1,
1980,8,CS
1979,4,ST
1979,3,ST
1979,2,ST
1979,1,ST
1973,4,
1973,3,
1973,2,
1973,1,
1943,3,ST
1943,2,ST
1943,1,
1934,2,ST
1934,1,ST
1927,9,CT
1927,8,
1927,7A,CA
1927,7,CA
1927,6,CA
1927,10,CT
1926,2,ST
1926,1,ST
1925,NSS2,
1925,NSS1,
1922,NSS1,
1918,4,
1915,1,ST
1912,9,CA
1912,8,CT
1912,7,CT
1912,6,
1912,5,
1904,5,
1904,4,
1904,3,
1897,4,ST
1897,3,ST
1893,4,ST
1893,3,ST
1893,2,ST
1893,1,ST
1891,2,ST
1891,1,ST
1888,3,ST
1888,2,
1888,1,ST
1880,6,CS
1866,8,ST
1866,7,ST
1866,5,ST
1843,3,ST
1843,2,ST
1843,1,
1832,1,ST
1831,6,ST
1831,5,ST
1831,4,ST
1831,3,ST
1831,2,
1831,1,ST
1830,5,ST
1830,4,ST
1830,3,ST
1825,3,ST
1772,1,ST
1769,9,ST
1769,8,ST
1769,7,ST
1769,6,ST
1769,5,ST
1769,4,
1769,3,
1769,2,
1769,1,
1745,9A,ST
1745,19,ST
1745,18,ST
1745,17,ST
1745,16,ST
1743,7,ST
1743,6,ST
1743,4,ST
1743,3,ST
1743,2,ST
1743,1,ST
1740,3,ST
1740,2,ST
1740,1,ST
1733,4,ST
1733,3,ST
1733,2,ST
1733,1,ST
1732,9,
1732,12,
1732,11,
1732,10,
1731,1,
1729,NSS2,
1726,18,
1726,17,
1726,16,
1726,15,
1723,3,ST
1723,2,ST
1723,1,ST
1720,8,ST
1720,7,ST
1715,NSS1,
1710,3,ST
1710,2,ST
1710,1,ST
1702,4,ST
1702,3,ST
1702,2,ST
1702,1,ST
1695,5,ST
1695,4,ST
1695,3,
1695,2,
1695,1,
1682,9A,CT
1682,9,CA
1682,8,ST
1660,P2HRSG,CA
1660,CC2,CT
1642,3,ST
1626,4,
1626,3,
1626,2,
1626,1,
1619,4,ST
1619,3,ST
1619,2,ST
1619,1,ST
1606,1,
1599,2,ST
1599,1,ST
1595,GEN4,CT
1595,4,CA
1595,3,CA
1595,2,CA
1595,1,
1590,NSS1,
1589,1,
1588,GT94,CT
1588,GT93,CT
1588,GT82,CT
1588,GT81,CT
1588,94,CA
1588,93,CA
1588,82,CA
1588,81,CA
1588,7,ST
1573,2,ST
1573,1,ST
1572,3,ST
1572,2,ST
1572,1,ST
1571,4,ST
1571,3,ST
1571,2,ST
1571,1,ST
1570,9,
1570,11,
1564,8,ST
1559,4,ST
1554,4,ST
1554,3,ST
1554,2,ST
1554,1,ST
1553,3,ST
1552,2,ST
1552,1,ST
1513,2,ST
1513,1,ST
1507,4,ST
1507,3,ST
1507,2,ST
1507,1,ST
1464,1B2,ST
1464,1B1,ST
1455,2,
1455,1,
1449,4,
1449,3,
1449,2,
1449,1,
1448,12,
1448,11,
1448,10,
1447,2,ST
1447,1,ST
1445,4,
1445,3,
1443,3,
1443,2,
1443,1,
1439,16,ST
1439,15,ST
1439,14,ST
1417,4,ST
1417,3,ST
1417,2,ST
1417,1,ST
1416,5A,ST
1409,3,ST
1409,2,ST
1409,1,
1407,4,
1407,3,
1404,7AB,CA
1404,7A,CT
1404,10,
1403,6BHRSG,CA
1403,6B,CT
1403,6AHRSG,CA
1403,6A,CT
1403,5,ST
1403,4,ST
1403,3,ST
1403,2,
1403,1,
1402,3,ST
1402,2,ST
1402,1,
1400,3,ST
1400,2,
1400,1,ST
1396,U7CT,CT
1396,U72,CT
1396,U6CT,CT
1396,7-2,CA
1396,7-1,CA
1396,6-1,CA
1394,5,
1394,4,ST
1394,3,
1394,2,ST
1394,1,
1393,6,ST
1393,4,ST
1393,3,
1393,2A,ST
1393,1A,ST
1392,12,
1392,11,
1392,10,
1391,9,ST
1391,5A,ST
1391,4A,ST
1391,3A,ST
1391,2A,ST
1391,1A,ST
1385,4,ST
1385,3,ST
1385,2,ST
1385,1,ST
1384,2,ST
1384,1,ST
1383,R1,ST
1382,H2,ST
1382,H1,ST
1381,C3,
1381,C2,
1381,C1,
1379,9,ST
1379,8,ST
1379,7,ST
1379,6,ST
1379,5,ST
1379,4,ST
1379,3,ST
1379,2,ST
1379,10,
1379,1,ST
1378,STG1,CA
1378,HRSG3,
1378,HRSG2,
1378,HRSG1,
1378,CTG3,CT
1378,CTG2,CT
1378,CTG1,CT
1378,3,ST
1378,2,ST
1378,1,ST
1374,2,ST
1374,1,ST
1364,4,ST
1364,3,ST
1364,2,ST
1364,1,ST
1363,7B,
1363,7A,
1363,6,
1363,5,
1363,4,
1361,5,
1361,4,
1361,3,
1361,2,
1361,1,
1357,5,
1357,4,
1356,4,ST
1356,3,ST
1356,2,ST
1356,1,ST
1355,3,ST
1355,2,ST
1355,1,ST
1353,BSU2,
1353,BSU1,ST
1336,S-2,ST
1336,GC3,
1330,4,ST
1317,5,ST
1317,4,
1305,1,
1299,3,
1299,2,
1299,1,
1295,2,ST
1295,1,ST
1294,3,
1294,2,
1294,1,
1271,5,ST
1271,4,ST
1252,9,ST
1252,10,
1250,5,ST
1250,4,ST
1250,3,
1248,4,ST
1248,3,
1248,2,
1248,1,
1243,7,
1242,4,ST
1242,3,ST
1242,2,
1242,1,
1241,2,ST
1241,1,ST
1240,2,ST
1240,1,ST
1239,HSG12,CA
1239,40,
1239,39,
1239,12,CT
1235,3,ST
1233,4,ST
1230,1,ST
1218,2,
1218,1,
1217,1,ST
1206,HRSG2,CA
1206,HRSG1,CA
1206,GT2,CT
1206,GT1,CT
1175,8,
1175,7,
1175,6,
1167,9,ST
1167,8,ST
1167,7,ST
1131,7,ST
1131,6,ST
1122,8,ST
1122,7,ST
1104,1,ST
1091,3,ST
1091,2,ST
1091,1,ST
1082,4,ST
1082,3,ST
1081,9,ST
1077,3,ST
1077,2,
1077,1,ST
1073,4,ST
1073,3,ST
1073,2,ST
1073,1,ST
1060,NSS1,
1058,5,
1058,4,
1058,3,
1058,2,
1048,2,ST
1048,1,
1047,4,ST
1047,3,
1047,2,
1047,1,
1046,6,ST
1046,5,ST
1046,1,ST
1043,2SG1,
1043,1SG1,
1040,2,ST
1040,1,ST
1037,5,
1037,2,
1024,6,ST
1024,5,ST
1016,8,CT
1016,7,CT
1016,6,CT
1016,3,
1016,2,
1016,1,
1012,3,ST
1012,2,ST
1012,1,
1010,6,ST
1010,5,ST
1010,4,ST
1010,3,ST
1010,2,ST
1008,4,ST
1008,3,
1008,2,ST
1008,1,
1007,CT5,CA
1007,CT4,CA
1007,CT3,CA
1007,5,CT
1007,4,CT
1007,3,CT
1004,HRSG2,CA
1004,HRSG1,CA
1004,CT2,CT
1004,CT1,CT
1004,8-1,
1004,7-2,
1004,7-1,
1004,6-1,
1001,2,ST
1001,1,ST
997,6,
997,5,
997,4,
997,12,ST
996,6,
996,5,
996,4,
996,11,
995,8,ST
995,7,ST
994,4,ST
994,3,ST
994,2,ST
994,1,ST
992,18,ST
992,17,ST
992,16,ST
992,15,ST
992,14,ST
992,13,ST
992,12,ST
992,11,ST
991,HRSG2,
991,HRSG1,
991,6,ST
991,5,ST
991,4,ST
991,3,ST
991,2,
991,1,
990,9,
990,70,ST
990,60,ST
990,50,ST
990,10,
988,U4,
988,U3,
988,U2,
988,U1,
983,6,ST
983,5,ST
983,4,ST
983,3,ST
983,2,ST
983,1,ST
976,4,ST
976,123,ST
972,8,ST
972,7,ST
972,5,ST
972,4,ST
964,8,
964,7,
963,41,ST
963,33,ST
963,32,ST
963,31,ST
898,5,ST
898,4,ST
898,3,
898,2,
898,1,
897,2,
897,1,
892,2,ST
892,1,ST
891,9,ST
891,8,
891,7,
891,6,
891,5,
891,4,
891,3,
891,2,
891,1,
889,3,ST
889,2,ST
889,1,ST
887,6,ST
887,5,ST
887,4,ST
887,3,ST
887,2,ST
887,1,ST
886,19,
884,4,ST
884,3,
884,2,
884,1,
883,8,ST
883,7,ST
883,17,
880,NSS2,
880,NSS1,
879,62,ST
879,61,ST
879,52,ST
879,51,ST
876,2,ST
876,1,ST
874,5,ST
869,NSS3,
869,NSS2,
867,8,
867,7,
862,2,
862,1,
861,02,ST
861,01,ST
856,3,ST
856,2,ST
856,1,
772,6,ST
772,5,ST
766,8,ST
766,7,ST
766,6,ST
766,5,ST
766,4,ST
766,3,ST
765,6,ST
765,5,ST
765,4,ST
765,3,ST
765,2,ST
765,1,ST
764,17,
764,16,
762,2,ST
753,ST,ST
733,4,
733,3,
733,2,
733,1,
728,Y7BR,ST
728,Y6BR,ST
728,Y5BR,ST
728,Y4BR,ST
728,Y3BR,ST
728,Y2BR,ST
728,Y1BR,ST
727,3,ST
715,2,ST
715,1,ST
710,MB2,
710,MB1,
710,CT4B,CT
710,CT4A,CT
710,6BCT,CT
710,6B,CA
710,6ACT,CT
710,6A,CA
710,5BCT,CT
710,5B,CA
710,5ACT,CT
710,5A,CA
710,4B,CA
710,4A,CA
709,4,
709,3,
709,2,
709,1,
708,4,ST
708,3,ST
708,2,ST
708,1,ST
703,4BLR,ST
703,3BLR,ST
703,2BLR,ST
703,1BLR,ST
689,9,CA
689,8,CT
689,7,
688,CT 2A,CT
688,2A,CA
688,2,
688,1,ST
676,HRSG,CA
676,5CT,CT
676,3,ST
676,2,ST
676,1,
675,HRSG,CA
675,8,CT
675,6,
673,S-5,CA
673,S-3,ST
673,GT2,CT
672,MS21B,
667,3,ST
667,2,ST
667,1,ST
664,JRK8,CA
664,JRK7,
664,CT04,CT
663,B2,ST
663,B1,ST
658,8,
658,7,
658,6,
649,NSS4,
649,NSS3,
649,NSS2,
649,NSS1,
645,BB04,ST
645,BB03,ST
645,BB02,ST
645,BB01,ST
643,5,CA
643,4,CA
643,3B,CT
643,3A,CT
643,2,ST
643,1,ST
642,2,
642,1,
641,7,ST
641,6,ST
641,5,ST
641,4,ST
641,3,
641,2,
638,3,ST
638,2,ST
638,1,ST
634,4DGT,CT
634,4D,CA
634,4CGT,CT
634,4C,CA
634,4BGT,CT
634,4B,CA
634,4AGT,CT
634,4A,CA
634,3,
634,2,
634,1,
628,NSS3,
628,CC2BB,
628,CC2BA,
628,CC1BB,
628,CC1BA,
628,5,ST
628,4,ST
628,2,ST
628,1,ST
621,PTP5,CA
621,PTP2,ST
621,PTP1,ST
621,NSS4,
621,NSS3,
621,5CTD,CT
621,5CTC,CT
621,5CTB,CT
621,5CTA,CT
620,PSN5,CA
620,PSN4,CA
620,PSN3,
620,5D,CT
620,5C,CT
620,5B,CT
620,5A,CT
620,4D,CT
620,4C,CT
620,4B,CT
620,4A,CT
619,PRV4,
619,PRV3,
619,5C,CT
619,5B,CT
619,5A,CT
619,1,CA
617,PPE5,
617,PPE4,
617,PPE3,
617,PPE2,
617,PPE1,
617,5ST,CA
617,5C,CT
617,5B,CT
617,5A,CT
613,5GT2,CT
613,5GT1,CT
613,5B,CA
613,5A,CA
613,4GT2,CT
613,4GT1,CT
613,4B,CA
613,4A,CA
612,2F,
612,2E,
612,2D,
612,2C,
612,2B,
612,2A,
610,PCU6,
610,PCU5,
609,PCC2,
609,PCC1,
609,3C,CT
609,3B,CT
609,3A,CT
609,3,CA
609,2,CA
609,1,CA
602,2,ST
602,1,ST
599,3,ST
599,2,ST
599,1,ST
594,4,ST
594,3,
594,2,
594,1,
593,5,ST
593,4,ST
593,3,ST
589,1,ST
568,BHB3,ST
568,BHB2,
566,NSS3,
566,NSS2,
564,B1,CT
564,B,CA
564,2,ST
564,1,ST
562,4,ST
562,3,ST
562,2,ST
562,1,
550,1,ST
546,6,ST
546,5,ST
544,8,
544,7,
533,VAN2,CT
533,VAN1,CT
533,HRSGV2,CA
533,HRSGV1,CA
533,HRSG1,CA
533,4,CT
527,1,ST
525,H2,ST
525,H1,ST
508,4,
493,3,ST
493,2,ST
493,1,ST
492,7,ST
492,6,ST
492,5,ST
478,3,
478,2,
478,1,
477,5,ST
470,3,ST
470,2,ST
470,1,ST
469,HRSG2,CA
469,HRSG1,CA
469,6,CT
469,5,CT
469,4,ST
469,3,
469,2,
469,1,
468,2,
468,1,
465,4,
465,3,
462,59,
462,55,
460,49,
460,41,
422,GT5,CT
420,B3,ST
408,7,
408,6,
404,5,CA
404,4,CT
404,3,ST
404,2,ST
404,1,ST
400,HRSG9,CA
400,HRSG10,CA
400,9,CT
400,6,
400,5,
400,2,ST
400,10,CT
400,1,ST
399,10B,
399,10A,
389,UNIT 2,CA
389,HRSG32,CA
389,HRSG31,CA
389,4,ST
389,32,CT
389,31,CT
389,3,
389,2A,CT
384,82,ST
384,81,ST
384,72,ST
384,71,ST
377,8BC,
377,8A,
377,5,ST
377,4,ST
377,3,ST
371,NSS2,
360,NSS3,
360,NSS2,
358,MV4B,
358,MV4A,
358,MV3B,
358,MV3A,
356,8,ST
356,7,ST
356,6,ST
356,5,ST
350,2,ST
350,1,ST
345,2,ST
345,1,ST
335,STG1S,
335,4A,
335,3A,
335,2,ST
335,1,ST
331,4,ST
331,3,ST
330,4,
330,3,
329,42,
329,41,
329,32,
329,31,
329,2,
329,1,
315,STG1S,
315,6,ST
315,5,ST
315,4,ST
315,3,ST
315,2,ST
315,1,ST
302,5,ST
302,4,ST
302,3,ST
302,2,ST
302,1,ST
299,3,
299,2,
299,1,
298,LIM2,ST
298,LIM1,ST
271,7,ST
271,6,ST
271,5,ST
260,HRSG4,CA
260,HRSG3,CA
260,HRSG2,CA
260,HRSG1,CA
260,CT2B,CT
260,CT2A,CT
260,CT1B,CT
260,CT1A,CT
260,7-1,ST
260,6-1,ST
247,7,
246,2,
246,1,
228,9,
228,10,
210,NSS1,
207,2,ST
207,1,ST
204,NSS1,
203,01,ST
202,01,ST
201,2,
173,2,
173,1,
170,4,ST
170,3,
170,2,
170,1,
169,2,
169,1,
168,2,
168,1,
167,3,
167,2,
165,3CT,CT
165,3,CA
165,2,ST
165,1,ST
160,3,ST
160,2,ST
160,1,ST
147,KY7,CT
147,K-7,CA
147,K-2,
147,K-1,
143,6,
143,5,
143,4,
143,3,
143,2,
143,1,
141,3,ST
141,2,ST
141,1,ST
136,3,
136,2,ST
136,1,ST
130,4,ST
130,3,ST
130,2,ST
130,1,ST
127,1,ST
126,4,ST
126,3,ST
126,2,ST
126,1,ST
120,1,ST
118,2,
118,1,
117,CC5B,CA
117,CC5A,CA
117,CC4,CA
117,C5-2,CT
117,C5-1,CT
117,C4-1,CT
117,3B,CS
117,2B,CS
117,1B,CS
116,2,ST
116,1,ST
113,4,ST
113,3,ST
113,2,
113,1,ST
108,SGU1,ST
96,8,
87,1,ST
79,5,ST
79,3,ST
79,2,ST
79,1,ST
60,2,ST
60,1,ST
59,1,ST
56,3,ST
56,2,ST
56,1,ST
54,1,
51,1,ST
50,8,
50,7,
50,6,
50,5,
50,4,
50,3,
50,2,
50,1,
47,5,ST
47,4,ST
47,3,ST
47,2,ST
47,1,ST
46,NSS3,
46,NSS2,
46,NSS1,
26,5,ST
26,4,ST
26,3,ST
26,2,ST
26,1,ST
10,2,ST
10,1,ST
8,9,ST
8,8,ST
8,7,ST
8,6,ST
8,10,ST
7,2,ST
7,1,ST
3,A2C2,CT
3,A2C1,CT
3,A1CT2,CT
3,A1CT,CT
3,7B,CA
3,7A,CA
3,6B,CA
3,6A,CA
3,5,ST
3,4,ST
3,3,ST
3,2,ST
3,1,ST
60138,CC2BB,
60138,CC2BA,
60138,CC1BB,
60138,CC1BA,
59338,CTG4,CT
59338,CTG3,CT
59338,2 B,CA
59338,2 A,CA
58503,GEN2,CA
58426,GEN2,CS
58426,GEN1,CS
58420,GEN2,CS
58420,GEN1,CS
58194,WC 5,ST
58194,WC 4,ST
57842,1A,CT
56963,E102,CT
56963,E101,CT
56931,BoilA,
56124,2HRSG,
56124,10BLR,ST
55829,MB3,
55829,MB2,
55829,MB1,
55098,HRSG2,CA
55098,HRSG1,CA
55098,GEN2,CT
55098,GEN1,CT
55084,GE1,CS
55041,GEN2,CS
55026,UNT1,CS
54808,GT2,CT
54808,GT1,CT
54658,HRSG,
54579,1002,CS
54423,HRSG2,CA
54423,HRSG1,CA
54423,GT2,CT
54423,GT1,CT
54262,1,CT
52006,GEN7,CT
50973,GN44,CT
50973,GN43,CT
50973,GN42,CT
50973,GN41,CT
50973,GN35,CT
50730,9,ST
50730,8,ST
50730,5,ST
50730,10,ST
50368,CT2,CT
50368,CT1,CT
50284,7,ST
50277,BLR1,ST
50202,1,
10768,CFB,
10308,CT1,CT
10071,2C,
10071,2B,
10071,2A,
10071,1C,
10071,1B,
10071,1A,
8059,1G2,CT
8059,1G1,CT
7604,2,CS
7604,1,CS
6559,5,CT
6225,1,ST
3442,7,
3442,6,
3442,5,
3440,4,
3440,3,
3440,2,
3440,1,
3438,2,
3438,1,
2549,68,ST
2549,67,ST
2549,66,
2549,65,
2549,64,
2549,63,
1961,NEPP,ST
1960,5,
1960,4,
1960,3,
1960,1,
1771,2,
1771,1,
1404,7B,CT
1032,6,ST
1032,5,ST
